Title	Text	Grade	Level
ပြည်ထောင်စု သမ္မတ မြန်မာ နိုင်ငံတော် အစိုးရ ပညာ ရေး ဝန်ကြီးဌာန ကျောင်း သုံး စာအုပ် စိတ် ကြိုက် မြန်မာ စာ ဧကာဒသမ တန်း မြန်မာ စကားပြေ ၂ဝ ၂ ၂ - ၂ဝ၂၃	ပြည်ထောင်စု သမ္မတ မြန်မာ နိုင်ငံတော် အစိုးရ ပညာ ရေး ဝန်ကြီးဌာန ကျောင်း သုံး စာအုပ် စိတ် ကြိုက် မြန်မာ စာ ဧကာဒသမ တန်း မြန်မာ စကားပြေ ၂ဝ ၂ ၂ - ၂ဝ၂၃	G11	Upper Secondary
ပြည်ထောင်စု သမ္မတ မြန်မာ နိုင်ငံတော် အစိုးရ ပညာ ရေး ဝန်ကြီးဌာန ကျောင်း သုံး စာအုပ် စိတ် ကြိုက် မြန်မာ စာ ဧကာဒသမ တန်း မြန်မာ စကားပြေ ၂ဝ ၂ ၂ - ၂ဝ ၂၄	ပြည်ထောင်စု သမ္မတ မြန်မာ နိုင်ငံတော် အစိုးရ ပညာ ရေး ဝန်ကြီးဌာန ကျောင်း သုံး စာအုပ် စိတ် ကြိုက် မြန်မာ စာ မြန်မာ စကားပြေ ဧကာဒသမ တန်း နိုင်ငံတော် က အခမဲ့ ထောက်ပံ့ ပေး သည် ။ အခြေခံ ပညာ သင်ရိုးညွှန်းတမ်း နှင့် ကျောင်း သုံး စာအုပ် ကော်မတီ ၂၀၂၂ - ၂၀၂၃	G11	Upper Secondary
ပြည်ထောင်စု သမ္မတ မြန်မာ နိုင်ငံတော် အစိုးရ ပညာ ရေး ဝန်ကြီးဌာန ကျောင်း သုံး စာအုပ် စိတ် ကြိုက် မြန်မာ စာ ဧကာဒသမ တန်း မြန်မာ စကားပြေ ၂ဝ ၂ ၂ - ၂ဝ ၂၅	၂ဝ ၂ ၂ ခု နှစ် ၊ မတ် လ ၊ အုပ် ရေ - ၁၂၇၆ ၃၀ အုပ် ၂ဝ ၂ ၂ - ၂၀၂၃ ပညာသင် နှစ် အမျိုးသား သင်ရိုးညွှန်းတမ်း ကော်မတီ က အတည်ပြု သည် ။ အခြေခံ ပညာ သင်ရိုးညွှန်းတမ်း နှင့် ကျောင်း သုံး စာအုပ် ကော်မတီ ၏ မူ ပိုင် ဖြစ် သည် ။ အလုပ် အမိန့် အမှတ် – K - ၁၀ ၁ / ၂ ၂ ဖြင့် တော် ဝင် မြင့်မိုရ် ကုမ္ပဏီ ရန်ကုန် မြို့ က ပုံနှိပ် သည် ။	G11	Upper Secondary
ဧကာဒသမ တန်း စိတ် ကြိုက် မြန်မာ စာ	မြန်မာ စကားပြေ ကျောင်း သုံး စာအုပ် မိတ်ဆက်	G11	Upper Secondary
မြန်မာ စကားပြေ ကျောင်း သုံး စာအုပ် မိတ်ဆက်	စိတ် ကြိုက် မြန်မာ စာ ဘာသာရပ် ကို သင်ယူ နေ ကြ သော ကျောင်းသား တို့ သည် ဒသမ တန်း တွင် စိတ် ကြိုက် မြန်မာ စာ ဘာသာရပ် ၏ မြန်မာ စကားပြေ သင်ခန်းစာ များ ကို သင်ယူ ခဲ့ ပြီး ဖြစ် ပါ သည် ။ ဧကာဒသမ တန်း တွင် သုတ ရ သ မြန်မာ စကားပြေ သင်ခန်းစာ တို့ ကို ဆက်လက် လေ့လာ ရ မည် ဖြစ် သည် ။ ဧကာဒသမ တန်း မြန်မာ စကားပြေ သင်ခန်းစာ တို့ တွင် ဗဟုသုတ ကို အား ပြု သော စကားပြေ များ အပြင် ဘဝ အသိအမြင် ကို ဖော်ဆောင် သော ရ သ စကားပြေ ကဏ္ဍ ကို လည်း ဆက်လက် လေ့လာ နိုင် မည် ဖြစ် သည် ။	G11	Upper Secondary
မြန်မာ စကားပြေ ကျောင်း သုံး စာအုပ် မိတ်ဆက်	ဧကာဒသမ တန်း စိတ် ကြိုက် မြန်မာ စာ မြန်မာ စကားပြေ ကျောင်း သုံး စာအုပ် တွင် ပုဂံ ခေတ် လယ် ကာလ က ပေါ်ထွန်း ခဲ့ သော ရှေး မြန်မာ မင်စာ စကားပြေ အရေးအသား မှ စတင် ပြီး မျက်မှောက် ကာလ တိုင် ခေတ် အဆက်ဆက် ပြောင်းလဲ ဖွံ့ဖြိုး တိုးတက် လာ သော စကားပြေ တို့ ကို လေ့လာ ရ မည် ဖြစ် သည် ။ မြန်မာ စကားပြေ များ က ပေး သော အကြောင်းအရာ များ ကို စုပေါင်း လေ့လာ သင်ယူ ခြင်း ဖြင့် သုတ စကားပြေ များ မှ တစ် ဆင့် မိမိ တို့ ဒေသ ရပ် ရွာ ရှိ အကြောင်းအရာ တို့ ကို အချင်းချင်း ပြော ဆို ဆွေးနွေး ဗဟုသုတ ဖလှယ် နိုင် မည် ဖြစ် သည် ။ ရ သ စကားပြေ များ ကို လေ့လာ ခြင်း ဖြင့် အာနိသင် ရ သ မှ တစ် ဆင့် တွေးတော ဆင်ခြင် သုံးသပ် တတ် သော အလေ့အကျင့် များ ဖွံ့ဖြိုး တိုးတက် လာ မည် ဖြစ် သည် ။ သင်ယူ လေ့လာ ရာ တွင် မြန်မာ စကားပြေ တို့ ကို ကျောင်းသား တစ် ဦး ချင်း က အသံ ထွက် ဖတ် စေ ခြင်း ၊ အုပ်စု လိုက် သံပြိုင် ဖတ် စေ ခြင်း ၊ အပြန်အလှန် စကား ပြော ဟန် ဖြင့် ဖတ်ရှု စေ ခြင်း တို့ ဖြင့် အရွတ် အဖတ် အပြောအဆို စွမ်းရည် မြင့်မား လာ စေ မည် ဖြစ် သည် ။	G11	Upper Secondary
မြန်မာ စကားပြေ ကျောင်း သုံး စာအုပ် မိတ်ဆက်	အကြောင်းအရာ တို့ ကို ဝေဖန် ပြော ဆို ခြင်း ဖြင့် ဆွေးနွေး သုံးသပ် ဆင်ခြင် နိုင် သည့် စွမ်းရည် ကို ရ ရှိ မည် ။ ရှေးခေတ် စကား အသုံးအနှုန်း များ လုပ်ငန်းခွင် သုံး စကား အသုံးအနှုန်း များ ၊ ပညာရပ် ဝေါဟာရ များ ၊ ဒေသ သုံး စကား များ ကို လေ့လာ ခြင်း ဖြင့် ဝေါဟာရ ဗဟုသုတ တိုးပွား လာ မည် ဖြစ် သည် ။ ပြေပြစ် ချောမွေ့ သော ဝါကျ အဖွဲ့ များ ကို အတုယူ လေ့လာ နိုင် မည် ဖြစ် သည် ။	G11	Upper Secondary
သင်ယူ ကြ ရ မည့် အကြောင်းအရာ	ဧကာဒသမ တန်း စိတ် ကြိုက် မြန်မာ စာ မြန်မာ စကားပြေ ကျောင်း သုံး စာအုပ် တွင် အောက် ပါ အကြောင်းအရာ တို့ ကို သင်ယူ ရ မည် ဖြစ် သည် ။ အခန်း ၁ ။ ရှေး စကားပြေ မိတ်ဆက် နှင့် စကားပြေ ရွေးချယ် ချက် အခန်း ၂ ။ ခေတ် စကားပြေ မိတ်ဆက် နှင့် စကားပြေ ရွေးချယ် ချက် အခန်း ၃ ။ ရ သ စာတမ်း စကားပြေ မိတ်ဆက် နှင့် စကားပြေ ရွေးချယ် ချက်	G11	Upper Secondary
သင်ယူ ကြ ရ မည့် နည်းလမ်း များ	စိတ် ကြိုက် မြန်မာ စာ စကားပြေ သင်ခန်းစာ တို့ တွင် စိတ် ပါ ဝင် စား စွာ သင်ကြား သင်ယူ နိုင် ရန် သုတ ရ သ စကားပြေ တို့ ၏ တန်ဖိုး ကို လေ့လာ သင်ကြား ပေး ရ မည် ဖြစ် ပါ သည် ။ သုတ စကားပြေ တို့ ကို လေ့လာ လျှင် မည် သည့် ဗဟုသုတ ကို ရ ရှိ စေ ရန် ရည်ရွယ် ရေး ဖွဲ့ သည် ဆို သော အချက် ကို ဦး စွာ ဆွေးနွေး ရ မည် ဖြစ် သည် ။ ရ သ စကားပြေ ကို ဖတ်ရှု ပြီး လျှင် မည် သည့် ခံစား မှု မျိုး ဖြစ် ပေါ် လာ သနည်း ဟူသော အချက် ကို လက်တွေ့ ကျ ကျ မေးမြန်း ဆွေးနွေး ရ မည် ဖြစ် သည် ။	G11	Upper Secondary
သင်ယူ ကြ ရ မည့် နည်းလမ်း များ	ထို့နောက် တစ် ဆင့် တက် ၍ စကားပြေ ရေး ဖွဲ့ သူ က ဗဟုသုတ ရ အောင် မည် သို့ ရေး ဖွဲ့ ထား သနည်း ဟူသော အရေး အဖွဲ့ ပိုင်း ဆိုင်ရာ စကားလုံး အသုံးအနှုန်း နှင့် ဝါကျ ကဏ္ဍ တို့ ကို လေ့လာ ဆွေးနွေး ရ ပါ မည် ။ ရ သ စာတမ်း တို့ ကို ဖတ်ရှု ပြီး နောက် တွင် ကျောင်း သူ ကျောင်းသား တို့ ၏ ကိုယ်ပိုင် ခံစား မှု ကို အချင်းချင်း ဆွေးနွေး မေးမြန်း သော နည်း ၊ ခံစား မှု ဖလှယ် သော နည်း တို့ ကို သုံး ၍ လေ့လာ သင်ကြား သင့် သည် ။ ထို သို့ သုတ ၊ ရ သ တို့ ကို ဖော်ဆောင် နိုင် အောင် စာ ရေး သူ က မည် သည့် အရေး အဖွဲ့ နည်း နာ ကို အသုံးပြု သွား သနည်း ဟူသော ခွဲခြမ်း စိတ်ဖြာ ဆန်းစစ် လေ့လာ သော နည်း ဖြင့် အရေးအသား ကို လေ့လာ သင်ယူ မည် ဖြစ် သည် ။	G11	Upper Secondary
လေ့လာ မှု နယ်ပယ် ငါး ရပ်	( က ) ရည်ရွယ် ချက် သို့ မ ဟုတ် အာဘော်	G11	Upper Secondary
( က ) ရည်ရွယ် ချက် သို့ မ ဟုတ် အာဘော်	မြန်မာ စကားပြေ သင်ခန်းစာ တို့ ၏ ရည်ရွယ် ချက် သို့ မ ဟုတ် အာဘော် ကို လေ့လာ ခြင်း သည် စကားပြေ တစ် ပုဒ် ချင်း တွင် တွေ့ ရ သော စာ ရေး သူ ၏ စိတ် စေတနာ နှင့် အသိပေး ဖော်ပြ လို သော အကြောင်းအရာ ကို လေ့လာ ခြင်း ပင် ဖြစ် သည် ။ အသိပညာ ပေး လို သော ရည်ရွယ် ချက် ဖြင့် ရေး သား ထား သော စကားပြေ သည် သုတ စကားပြေ ဖြစ် ပြီး စာ ရေး သူ က မိမိ ပေး လို သော အသိပညာ သတင်း အချက်အလက် သို့ ရောက် အောင် ဦးတည် ရေး ဖွဲ့ လေ့ ရှိ သည် ။ ဤ ဖတ် စာ တွင် ပါ ဝင် သော ဆည်မြောင်း ပညာ နှင့် ရှေးခေတ် မြန်မာ စကားပြေ သည် သုတ စကားပြေ ဖြစ် ပြီး စာ ရေး သူ က ရှေး မြန်မာ တို့ ၏ ဆည်မြောင်း အတတ်ပညာ ကို နိုင်ငံခြား မှ အင်ဂျင်နီယာ ပညာရှင် များ ကိုယ်တိုင် အံ့ဩ ချီးကျူး ပုံ ကို သိ စေ လို သော ရည်ရွယ် ချက် ဖြင့် တင်ပြ ထား သည် ။ မိုးညို နှင့် ဂျီ ဗိုလ် ဆောင်းပါး သည် သုတ ရ သ နှစ် ထွေ ရော သော ဆောင်းပါး မျိုး ဖြစ် သည် ။ ကျွဲခတ် ပွဲ ကျင်းပ ပုံ ကို သုတ ပေး လို သော ဆန္ဒ ၊ ကျေးလက် ပြည်သူ တို့ ၏ ဘဝ နှင့် အနုပညာ အဆက်အစပ် ကို နားလည် ခံစား စေ လို သော စေတနာ က ရ သ ခံစား မှု ကို ဖြစ် ပေါ် စေ သည် ။ ယင်း သည် ပင် စာ ရေး သူ ၏ ရည်ရွယ် ချက် ဖြစ် သည် ။	G11	Upper Secondary
( က ) ရည်ရွယ် ချက် သို့ မ ဟုတ် အာဘော်	သန္နိဋ္ဌာန် ၏ စွမ်းအား ရ သ စာတမ်း သည် ဘဝ ကို အရှုံး မ ပေး သော လူငယ် တစ် ယောက် ၏ စိတ်ဓာတ် နှင့် ဇွဲ သတ္တိ က ခွန်အား ကို ဖြစ် စေ နိုင် သည် ဟူသော ရည်ရွယ် ချက် က ဦးဆောင် နေ သည် ။	G11	Upper Secondary
( ခ ) အကြောင်းအရာ အစီအစဉ်	စကားပြေ ကောင်း တစ် ပုဒ် ကို လေ့လာ ရာ တွင် ပါ ဝင် သော အကြောင်းအရာ နှင့် လိုက် ဖက် သော အရေးအသား သည် လက်ဖဝါး နှင့် လက်ဖမိုး ကဲ့သို့ တစ် သား တည်း ဖြစ် နေ ရန် လိုအပ် သည် ။ သို့ မှ သာ ပြော လို သော အကြောင်းအရာ ကို အရေးအသား က တစ်ပြေးညီ လိုက်လံ ပံ့ပိုး ပေး နေ တတ် သည် ကို သတိပြု နည်း နာ ယူ ရန် ဖြစ် ပါ သည် ။	G11	Upper Secondary
( ခ ) အကြောင်းအရာ အစီအစဉ်	ချီးမွမ်း ခြင်း စကားပြေ ကို လေ့လာ ပါ က အသိဉာဏ် နည်း သော လူ မိုက် တို့ ၏ သဘော သည် မည် သို့ ဖြစ် ကြောင်း စာ ရေး သူ က ပုံ ဆောင် ကာ ရှင်းပြ နေ သည် ကို ဆင်ခြင် စဉ်းစား ကြည့် ခြင်း ဖြင့် ဖွင့် ဆို ရှင်းပြ ရေး နည်း ၏ သဘောသဘာဝ ကို ထင်ထင်ရှားရှား လေ့လာ နိုင် သည် ။	G11	Upper Secondary
( ခ ) အကြောင်းအရာ အစီအစဉ်	စကားပြေ ပါ အကြောင်းအရာ အချက်အလက် က မည် မျှ ခိုင်လုံ သည် ကို အကျိုးအကြောင်း ပြ အရေးအသား က ပံ့ပိုး သည် ။ မိတ်ဆွေ စစ် စကားပြေ တွင် မိတ်ဆွေ စစ် ဟု ခေါ် ရ ခြင်း သည် အဘယ် ကြောင့် ဟူသော သဘော ကို စာ ရေး သူ က အကျိုးအကြောင်း ခိုင်ခိုင်လုံလုံ တင်ပြ ထား ကြောင်း သတိပြု လေ့လာ ရာ သည် ။	G11	Upper Secondary
( ခ ) အကြောင်းအရာ အစီအစဉ်	ပင်လယ်ကူးသင်္ဘော ကြီး နစ်မြုပ် သည့် ဖြစ် စဉ် ကို စာ ရေး သူ က အချိန် နာရီ နှင့်တကွ သရုပ်ဖော် ကာ မှတ်တမ်းတင် ရေး သား နေ သည့် အတွက် သရုပ်ဖော် နှင့် ဖြစ် စဉ် ပြ အရေး အဖွဲ့ သဘော အ လေး ကဲ နေ သည် ကို အတုယူ လေ့လာ စေ ခြင်း ဖြင့် မှတ်တမ်း သဘော နှင့် ရ သ ခံစား မှု ဒွန်တွဲ နေ ပုံ ကို သင်ကြား ရန် ဖြစ် သည် ။	G11	Upper Secondary
လေ့လာ မှု နည်းလမ်း ငါး ရပ်	* ပူးပေါင်း ဆောင်ရွက် ခြင်း - စကားပြေ ဖတ် စာ ပါ အကြောင်းအရာ တို့ ကို စိတ်ဝင်တစား ဖတ်ရှု စေ ခြင်း သည် လေ့လာ သင်ကြား ရေး တွင် အခြေခံ ဖြစ် သည် ။ အတန်း ထဲ တွင် ရ သ စာတမ်း များ ကို တစ် ယောက် ချင်း ဖတ်ရှု စေ ခြင်း ၊ အုပ်စု ဖွဲ့ ကာ အပြန်အလှန် ဖတ် စေ ခြင်း ဖြင့် အသံ ထွက် စာဖတ် သည့် အလေ့ ကို ပျိုးထောင် ပေး ရန် လိုအပ် သည် ။ တစ် ဖွဲ့ က ဖတ် သည် ကို တစ် ဖွဲ့ က နားစိုက်ထောင် စေ ခြင်း ၊ အသံ အဖြတ်အရပ် ၊ စကား သံ ပီသ ကြည် မြ မှု ၊ အများ စိတ်ဝင်စား အောင် အသံ နေ အသံ ထား ဖြင့် သရုပ်ဆောင် ဖတ်ရှု နိုင် မှု တို့ ဖြင့် ပူးပေါင်း ဆောင်ရွက် မှု စွမ်းရည် ကို မြင့် တင် စေ နိုင် သည် ။	G11	Upper Secondary
လေ့လာ မှု နည်းလမ်း ငါး ရပ်	* ဆက်သွယ် ပြော ဆို ခြင်း - စကားပြေ တွင် ပါ ဝင် သော စကား ပြော ဟန် တို့ ကို အတုယူ လေ့လာ စေ ခြင်း ၊ အပြန်အလှန် ပြော ဆို ဟန် ပြု ခြင်း ၊ စာ သား ကို အထစ်အငေါ့ မ ရှိ ဘဲ ပြော စေ ခြင်း ဖြင့် စကားပြေ အရေးအသား ချောမွေ့ ပြေပြစ် မှု ရှိ မ ရှိ ကို လက်တွေ့ ဆန်းစစ် နိုင် မည် ။ ထို သို့ ပြု မူ ခြင်း ဖြင့် တစ် ဦး နှင့် တစ် ဦး ပြော ဆို ဆက်သွယ် မှု စွမ်းရည် တိုးတက် လာ စေ မည် ဖြစ် သည် ။	G11	Upper Secondary
လေ့လာ မှု နည်းလမ်း ငါး ရပ်	* လေးနက် စွာ ဆန်းစစ် ဝေဖန် ခြင်း နှင့် ပြဿနာ ဖြေရှင်း ခြင်း - စကားပြေ လာ အကြောင်းအရာ များ ကို ဆန်းစစ် ဝေဖန် တတ် မှ သာ စကားပြေ ကို သင်ယူ ရ ကျိုးနပ် ပေ လိမ့် မည် ။ မိမိ လေ့လာ နေ သော စကားပြေ တစ် ပုဒ် သည် မည် သည့် အချက်အလက် ကို ညွှန်ပြ နေ သနည်း ၊ လက်တွေ့ ဘဝ နှင့် မည် သို့ ဆက်စပ် နေ သနည်း ၊ ဘဝ ပြဿနာ တို့ ကို ဖြေရှင်း ရာ တွင် စကားပြေ သင်ခန်းစာ တို့ က မည် သို့ အထောက်အကူပြု သနည်း စ သည် ဖြင့် ဆက်စပ် စဉ်းစား နိုင် အောင် သင် ပြ ရန် လိုအပ် သည် ။ သို့ မှ သာ စာ တွေ့ သည် လက်တွေ့ ဘဝ ကို အကျိုးပြု နိုင် မည် ဖြစ် သည် ။	G11	Upper Secondary
လေ့လာ မှု နည်းလမ်း ငါး ရပ်	* တီထွင် ဖန်တီး ခြင်း - စကားပြေ အရေးအသား ကို မှန်ကန် စွာ ရေး သား နိုင် ရန် လေ့ကျင့် မှု သည် အခြေခံ အချက် ဖြစ် သည် ။ အရေးအသား မှန်ကန် စေ ရန် စကားပြေ ကောင်း တို့ ကို ဖတ်ရှု ရန် လေ့ကျင့် ရ မည် ။ အဖတ် အ ရှု များ လျှင် စကား အသုံးအနှုန်း ၊ ဝါကျ အချော အမွေ ကို နားလည် လာ ပြီး ကိုယ်တိုင် ရေး သား ရာ တွင် အထောက်အကူပြု မည် ဖြစ် သည် ။ အကြောင်းအရာ အရေးအသား အခြေခံ ခိုင် လျှင် တီထွင် ဖန်တီး နိုင် ရန် အတွက် အခက်အခဲ မ ရှိ နိုင် ကြောင်း နားလည် လာ မည် ။ ထိုအခါ မေးခွန်း များ တွင် ပါ သော ကိုယ်တိုင် ရေး သား စေ သည့် လေ့ကျင့်ခန်း ကို ကောင်း စွာ ဆောင်ရွက် နိုင် မည် ။	G11	Upper Secondary
လေ့လာ မှု နည်းလမ်း ငါး ရပ်	* နိုင်ငံ သား ကောင်း ဖြစ် ခြင်း - သုတ စကားပြေ တို့ ကို လေ့လာ ခြင်း ဖြင့် ကျောင်းသား တစ် ဦး သည် သူ ၏ အသက်အရွယ် အလိုက် သိ ရှိ ရ မည့် အခြေခံ ဗဟုသုတ များ ကို ရ ရှိ မည် ။ ထို့အတူ ရ သ စကားပြေ များ ကို ဖတ်ရှု ရ ခြင်း ဖြင့် ဘဝ တွင် ကြုံတွေ့ လာ ရ မည့် ပြဿနာ ၊ စိမ် ခေါ် မှု ၊ ရုန်းကန် လှုပ်ရှား ရ မှု တို့ ကို နားလည် သဘောပေါက် မည် ။ အရေးအကြီးဆုံး မှာ ကိုယ်ချင်းစာ ခံစား တတ် ခြင်း ၊ နားလည် မှု ၊ ခွင့်လွှတ် တတ် မှု ၊ သည်းခံ မှု တို့ ကို နှလုံးသွင်း တတ် လာ ခြင်း ဖြစ် သည် ။ ထို မှ တစ် ဆင့် စိတ် ကောင်း နှလုံး ကောင်း မွေးမြူ တတ် သော နိုင်ငံ သား ကောင်း တစ် ဦး တွင် ရှိ အပ် သော အလေ့အကျင့် ကောင်း များ ရ ရှိ လာ မည် ။	G11	Upper Secondary
စာသင် နှစ် အဆုံး တွင် သိ ရှိ သွား ပြီး လုပ်ဆောင် နိုင် မည့် ရလဒ် များ	ကျောင်း သုံး စာအုပ် ကို သင်ယူ ပြီး လျှင် အောက် ပါ တို့ ကို လုပ်ဆောင် နိုင် မည် ဟု မျှော်မှန်း ပါ သည် ။	G11	Upper Secondary
စာသင် နှစ် အဆုံး တွင် သိ ရှိ သွား ပြီး လုပ်ဆောင် နိုင် မည့် ရလဒ် များ	သုတ ရ သ စကားပြေ တို့ ၏ ကွဲပြားခြားနား ပုံ ကို သိ ရှိ လာ ပြီး စကားပြေ တစ် ပုဒ် ဖတ် ပြီး လျှင် မည် သည် က သုတ စကားပြေ ၊ မည် သည် က ရ သ စကားပြေ ဟု ခွဲခြား တတ် လာ မည် ။ မိမိ ကိုယ်တိုင် ရေး လျှင် လည်း မည် သည့် အကြောင်းအရာ ကို မည် သို့ တင်ပြ သင့် ကြောင်း ကိုယ်တိုင် ဆုံးဖြတ် ရေး သား နိုင် လာ မည် ။ သုတ အားသန် သူ က ဗဟုသုတ တို့ ကို မည် သို့ ထည့်သွင်း သင့် ကြောင်း နားလည် လာ မည် ။ ရ သ စာပေ ကို နှစ်သက် သူ ခံစား ချက် တို့ ကို မည် သို့ မည် ပုံ သရုပ်ဖော် ဖွဲ့နွဲ့ ရေး သား သင့် ကြောင်း သဘောပေါက် လာ မည် ။	G11	Upper Secondary
စာသင် နှစ် အဆုံး တွင် သိ ရှိ သွား ပြီး လုပ်ဆောင် နိုင် မည့် ရလဒ် များ	ထို့ပြင် ဆီလျော် ရာ ရာ ဥပမာ ၊ ဥပစာ ၊ အလင်္ကာ အဖွဲ့ များ ကို ထည့်သွင်း အသုံးပြု ရန် သိ မြင် လာ မည် ။ စကားပြေ အရေးအသား ရှင်းရှင်းလင်းလင်း ရှိ စေ ရန် အတွက် မိမိ ၏ ကိုယ်ပိုင် ဗဟုသုတ ၊ အတွေး စိတ်ကူး ၊ ရည်ရွယ် ချက် နှင့် ခံစား ချက် တို့ ကို ပြတ်ပြတ်သားသား နားလည် အောင် အား ထုတ် ရ မည် ဖြစ် ကြောင်း သိ ရှိ လာ မည် ။ အတွေး ရှင်း မှ အရေး ရှင်း မည် ဟူသော အချက် ကို ဝါကျ အဖွဲ့ ကောင်း များ အား လေ့လာ သင်ယူ ရင်း နားလည် လာ မည် ။	G11	Upper Secondary
စာသင် နှစ် အဆုံး တွင် သိ ရှိ သွား ပြီး လုပ်ဆောင် နိုင် မည့် ရလဒ် များ	အချုပ် အား ဖြင့် သုတ ရ သ စကားပြေ များ မှ သည် ဘဝ အသိအမြင် ၊ အတွေးအခေါ် အယူအဆ တို့ ဖွံ့ဖြိုး ရှင်သန် လာ အောင် လေ့လာ သင်ယူ အား ထုတ် ခြင်း ဖြင့် လောက ကို အကျိုးပြု သော စိတ် ကောင်း စေတနာ ကောင်း မွေးမြူ တတ် သော ကျောင်းသား ကျောင်း သူ ကောင်း များ ဖြစ် လာ ရန် ဤ မြန်မာ စကားပြေ ဖတ် စာ က အထောက်အကူပြု မည် ဖြစ် သည် ။	G11	Upper Secondary
မာတိကာ	စဉ် အကြောင်းအရာ အခန်း - ၁ ။ ရှေး စကားပြေ ၁ ။ သုဝဏ္ဏသာမ ဇာတ် မင်စာ ၂ ။ လက် သမား ကျော် ၃ ။ ချီးမွမ်း ခြင်း တရား အခန်း - ၂ ။ ခေတ် စကားပြေ ၄ ။ မိတ်ဆွေ စစ် ၅ ။ ခေတ် စမ်း က ဗျာ ၆ ။ မိုးညို နှင့် ဂျီ ဗိုလ် ၇ ။ ဆည်မြောင်း ပညာ နှင့် ရှေးခေတ် မြန်မာ အခန်း - ၃ ။ ရ သ စာတမ်း ။ ၈ ။ မ မေ့ တဲ့ နိုင် ၉ ။ သစ် စေ့ က လေး ၁၁ ။ ဝမ်း ရေး သန္နိဋ္ဌာန် ရဲ့ စွမ်းအား	G11	Upper Secondary
အခန်း ( ၁ ) ရှေး စကားပြေ	သုဝဏ္ဏသာမ ဇာတ် မင်စာ သုဝဏ္ဏသာမ ဇာတ် မင်စာ သုဝဏ္ဏသာမ ဇာတ် မင်စာ သည် ပုဂံ မြို့ လောကထိပ်ပန် ဘုရား တွင် ရေး ထိုး ထား သော ဗုဒ္ဓ ဝင် မြန်မာ မင်စာ များ ဖြစ် သည် ။ ပုဂံ ခေတ် တွင် ဘုရား ၊ ဂူ ၊ ကျောင်း နံရံ တို့ ၌ ဗုဒ္ဓ စာပေ လာ ဇာတ်ကြီးဆယ်ဘွဲ့ မှ အကြောင်းအရာ တို့ ကို ပန်းချီ ရုပ်ပုံ များ ရေးဆွဲ ပြီး နောက် ထို ပန်းချီ တို့ ၏ အောက်ခြေ ၌ ပုံ ညွှန်း စာ များ ကို မင် ဖြင့် ရေး သား ကြ သည် ။ ထို သို့ မင် ဖြင့် ရေး သား သော စာ များ ကို မင်စာ ဟု ခေါ် သည် ။ ထို ပုံ ညွှန်း စာ တို့ သည် မူလ ဇာတ်တော် မှ ကောင်း နိုး ရာ ရာ ဇာတ်ကွက် တို့ ကို ရွေးချယ် ကာ တိုတို နှင့် လို ရင်း ရောက် အောင် အနှစ်ချုပ် ရေး သား လေ့ ရှိ သည် ။ ဇာတ်ကြီးဆယ်ဘွဲ့ မင်စာ တို့ သည် ပုဂံ ခေတ် အခါ က ဇာတ်လမ်း ဇာတ်ကွက် များ ကို ရွေးချယ် ပုံ ၊ အနှစ်ချုပ် စွမ်းရည် နှင့် ဗုဒ္ဓ စာပေ နှံ့စပ် မှု တို့ ကို လေ့လာ နိုင် မည် ဖြစ် သည် ။	G11	Upper Secondary
အခန်း ( ၁ ) ရှေး စကားပြေ	လက် သမား ကျော် လက် သမား ကျော် စကားပြေ ကို အင်းဝ ခေတ် စာ ဆို ရှင်မဟာသီလဝံသ ရေး သား သော ပါရာယန ဝတ္ထု မှ ကောက်နုတ် ထား သည် ။ လက် သမား အတတ်ပညာ ကျွမ်းကျင် သော သူ တို့ သည် ထို အတတ် ဖြင့် ယန္တရား တို့ ကို တီထွင် ပုံ ၊ တစ် ရပ် တစ် ပါး သို့ ပြောင်းရွှေ့ ကာ တိုင်းပြည် တည်ထောင် အုပ်ချုပ် ပုံ အကြောင်း ကို ဖော်ပြ ထား သည် ။ ဘုရား ဟော ဒေသ နာ များ တွင် ထူးခြား သော အတတ်ပညာ ဆိုင်ရာ ဗဟုသုတ များ ကို တွေ့ ရှိ နိုင် ကြောင်း ကျောင်းသား တို့ သိ ရှိ လာ ရန် ရည်ရွယ် ပါ သည် ။ လက် သမား ကျော် စကားပြေ မှ တစ် ဆင့် ယန္တရား အတတ်ပညာ နှင့် ပတ်သက် သော အကြောင်းအရာ တို့ ကို ပိုမို သိ ရှိ နိုင် မည် ဖြစ် ၍ များ စွာ အကျိုး ရှိ နိုင် ပါ သည် ။ ထို့ပြင် ရှင်မဟာသီလဝံသ ၏ အင်းဝ ခေတ် စကားပြေ အရေးအသား ၊ အင်းဝ ခေတ် စကား အသုံးအနှုန်း များ ၊ အရေး အပြော နှော သော ဝါကျ ဟန် များ ကို လေ့လာ နိုင် မည် ဖြစ် သည် ။	G11	Upper Secondary
အခန်း ( ၁ ) ရှေး စကားပြေ	ချီးမွမ်း ခြင်း တရား ချီးမွမ်း ခြင်း တရား စကားပြေ ကို ဝန်ဇင်း မင်းရာဇာ က အင်းဝ ဘုရင် မင်းခေါင် ကို လျှောက် သော ရှင် စန္ဒ လင်္ကာ ရ ၏ ဘိုး ရာဇာ လျှောက် ထုံး ( ခေါ် ) မဏိရတနာ ပုံ ကျမ်း ၏ ၁၅ - ကြိမ်မြောက် လျှောက် တင် သော ထုံး မှ ကောက်နုတ် ထား သည် ။ ချီးမွမ်း ခြင်း တရား စကားပြေ သည် မ ချီးမွမ်း ထိုက် သူ နှင့် ချီးမွမ်း ထိုက် သူ လူ နှစ် မျိုး နှစ် စား ကို နှိုင်းယှဉ် ပြ ထား ပါ သည် ။ မ ချီးမွမ်း ထိုက် သူ သည် မိုက် မဲ သူ အသိဉာဏ် မဲ့ သူ ဖြစ် ပြီး ချီးမွမ်း ထိုက် သူ သည် ပညာ ရှိ သူ အသိဉာဏ် နှင့် ပြည့်စုံ သူ ဖြစ် ပါ သည် ။ မ ချီးမွမ်း ထိုက် သူ ကို ချီးမွမ်း မိ လျှင် အသိဉာဏ် မဲ့ သူ က မ လုပ် သင့် သည် ကို လုပ် သဖြင့် အရှက် ရ စေ တတ် ကြောင်း ညွှန်ပြ ထား သည် ။ ချီးမွမ်း ထိုက် သူ ကို ချီးမွမ်း လျှင် အသိဉာဏ် နှင့် ပြည့်စုံ သူ က အကျိုး ရှိ သည့် လုပ် ရပ် ကို သာ လုပ် သဖြင့် ကောင်းကျိုး ကို သာ ဖြစ် စေ ကြောင်း ဖော်ပြ ထား ပါ သည် ။	G11	Upper Secondary
( ပုဂံ ခေတ် မင်စာ စကားပြေ ) သုဝဏ္ဏသာမ ဇာတ် မင်စာ	ဘုရားလောင်း နတ် ရွာ လား ၍ ပါရိကာ ဝမ်း တွင် ပဋိသန္ဓေ စွဲ ၏ ။ ဆယ် လ ကျော် ရ ကား ရွှေ အယောင် သို့ သော သား မွေး ၏ ။ သုဝဏ္ဏသာမ မည် သော ဘုရားလောင်း အမိ မဲ့ နောင် ကိန္နရီ နို့စို့ ရေချိုး ပေး ၏ ။ ရသေ့ နှစ် ယောက် မိုးရွာ ရ ကား တောင် ပို့ မှာ မြွေ ထွက် ဖြုပ် လတ် တေး ။ အမိအဖ မျက်စိ ကန်း ရ ကား ဘုရားလောင်း နွယ် ကမ်း ပေး ၍ သင်္ခမ်း သွေး လတ် ၏ ။	G11	Upper Secondary
( ပုဂံ ခေတ် မင်စာ စကားပြေ ) သုဝဏ္ဏသာမ ဇာတ် မင်စာ	အမိအဖ သင်္ခမ်း တွင် နေ စေ ၏ ။ ဘုရားလောင်း ကား ရေ ခပ် သောက် ပေး ၏ ။ သစ်သီး ၀ လံ ရှာ စား ပေး ၏ ။ မင်း ပိ လ ယက် ရွာ ထား ၍ ၏ ။ သမင် လိုက် စား ၏ ။ ဘုရားလောင်း မြင် ရ ကား သိ လို သော ကြောင့် ၏ ။ ရေ ခပ် သောက် သော ရှော မြားပစ် ၏ ။ မင် ပိ လ ယက် ဘုရားလောင်း သေ သော သိ ရ ကား လက်ဝါး ဦး ထက် ချီ ၍ ငို ၏ ။ ငို ပြီး ရ ကား အမိအဖ သင်္ခမ်း အား မင်း လာ ၍ ရေ အိုး လေး ရွက် ပေး ၏ ။ ဘုရားလောင်း သေ သော အ ခြင်း ကြား ပေ ရ ကား အမိအဖ တို့ သီ ပြတ် ပေ ၏ ။ အမိအဖ နတ်သမီး မင်း တွန် တံ မူ ရ ကားဆိပ် ခပ် ကယ် လေ ကျ ခါ ကိုယ် လည် ပြန် ၏ ။ တံ ငှာ လည်း လာ ၏ ။ ဘုရားလောင်း လည်း ရှင် လာ ၏ ။ အမိအဖ ကန်း သော လည်း မြင် လာ ၏ ။ ဘုရားလောင်း အမိအဖ နောက် ခိုး ပြီး ရ ကား မင်း ပိ လ ယက် အား တရား ဟော ပေး ၏ ။ တရား ဟော ပြီး ရ ကား ပြည် လား လေ ၏ ။ မင်း သီတင်းသုံး ရ ကား သေ ခဲ့ ၍ နတ် ရွာ ဖြစ် လေ ၍ ဘုရားလောင်း နှင့် အမိအဖ လည်း နိ(ဗ္ဗာ)န် မ ရောက် ဗြဟ္မာ ရွာ ဖြစ် ၏ ။	G11	Upper Secondary
( ပုဂံ ခေတ် မင်စာ စကားပြေ ) သုဝဏ္ဏသာမ ဇာတ် မင်စာ	၁ ။ ဘဝ သစ် ၌ ဖြစ် ခြင်း ။ ၂ ။ ရွှေ အဆင်း ကဲ့သို့ သော ၃ ။ လူ ခေါင်း နှင့် ငှက် ကိုယ် ရှိ သော သတ္တဝါ အမ ၊ ကိန္နရာ အမ ။ ၄ ။ အဆိပ်ရည် ဖြင့် မှုတ် သည် ။ ၅ ။ ကျောင်းသင်္ခမ်း သို့ ခေါ်ဆောင် သည် ။ ၆ ။ မြို့ ရွာ ကို ထား ခဲ့ ၏ ။ ၇ ။ သောအခါ ။ ၈ ။ ဦး ခေါင်း ထက် တွင် လက် ကို မြှောက် ချီ လျက် ။ ၉ ။ သေ အံ့ဆဲဆဲ မေ့မြော သည် ။ ၁၀ ။ သစ္စာ ပြု သည် ။ ၁၁ ။ ခပ်သိမ်း ၊ အားလုံး လည်း ။ ၁၂ ။ ကိုယ် တစောင်း လှည့် သည် ။ ၁၃ ။ နေ ။ ၁၄ ။ ရှိ ခိုး သည် ။ ၁၅ ။ ဒုက္ခ တို့ ချုပ်ငြိမ်း ရာ ။ ၁၆ ။ နတ်ပြည် ခြောက် ထပ် ၏ အထက် မြင့်မြတ် သည့် ဘုံ ။	G11	Upper Secondary
လေ့ကျင့်ခန်း	၁ ။ လောကထိပ်ပန် မြန်မာ မင်စာ ကို မည် သည့် နေ ရာ တွင် တွေ့ ရှိ ရ သနည်း ။ မည် သည့် ခေတ် တွင် ရေး သား ခဲ့ သနည်း ။	G11	Upper Secondary
လေ့ကျင့်ခန်း	၂ ။ သုဝဏ္ဏသာမ ဇာတ် ကို သင် ဖတ် ဖူး ကြား ဖူး ပါ သလား ။ အကြောင်းအရာ အချုပ် ကို ရေး ပြ ပါ ။	G11	Upper Secondary
လေ့ကျင့်ခန်း	၃ ။ သုဝဏ္ဏသာမ ဇာတ် မင်စာ ကို သင် ဖတ်ရှု ပြီး နားလည် ပါ သလား ။ ပါ ဝင် သော ပန်းချီ ပုံ နှင့် ပုံ ညွှန်း စာ တို့ သည် ဇာတ်လမ်း ကို ဖော်ပြ နိုင် ပါ သလား ။	G11	Upper Secondary
လေ့ကျင့်ခန်း	၄ ။ သုဝဏ္ဏသာမ ဇာတ် မင်စာ မှ ထူးခြား သည့် စကား အသုံးအနှုန်း များ အကြောင်း ကို သာဓက များ ဖြင့် ရှင်းလင်း တင်ပြ ပါ ။	G11	Upper Secondary
လေ့ကျင့်ခန်း	၅ ။ မျက်မှောက်ခေတ် စကားပြေ ဖြင့် ပြန် ရေး ပါ ။ ( က ) အမိအဖ နတ်သမီး မင်း တွန် တံ မူ ရ ကားဆိပ် ခပ် ကယ် လေ ကျ ခါ ကိုယ် လည် ပြန် ၏ ။ ( ခ ) တံ ငှာ လည်း လာ ၏ ။ ဘုရားလောင်း လည်း ရှင် လာ ၏ ။ အမိအဖ ကန်း သော လည်း မြင် လာ ၏ ။	G11	Upper Secondary
လေ့ကျင့်ခန်း	၆ ။ အမိအဖ တို့ အား ပြုစု ကျွေးမွေး ခြင်း ၏ အကျိုးကျေးဇူး များ ကို ဆွေးနွေး ပါ ။	G11	Upper Secondary
( အင်းဝ ခေတ် စကားပြေ ) လက် သမား ကျော်	ရှင်မဟာသီလဝံသ - ပါရာယန ဝတ္ထု ( သက္ကရာဇ် ၈ ၁၅ ၈ ၈၀ ) လွန် လေ ပြီး သောအခါ ဘုရားမြတ်စွာ ကဿပ လက်ထက် ၌ လက် သမား ကြီး .. တစ် ယောက် သည် တည်း လက် သမား အမှု ၌ အတု မ ရှိ အောင် တတ် သတည်း ။ ထို လက် သမား ၏ လက်အောက် တပည့် ကား .. တစ် ကျိပ် ခြောက် ယောက် ရှိ ၏ ။ တစ် ယောက် တစ် ယောက် တွင် တစ် ထောင် ၊ တစ် ထောင် လက် သမား ရှိ ၏ ။ အပေါင်း ကား တစ် သောင်းခြောက်ထောင် တစ် ကျိပ် ခုနစ် ယောက် တည်း ။ လက် သမား တို့ ကား ဗာရာဏသီ ပြည် ၌ သစ် လုပ် ဝါး လုပ် ကို လုပ် ၍ အိမ် ရာ တန်ဆောင်း ပြာသာဒ် ဟူသမျှ ကို လက် သမား အမှု အလို ရှိ ရာ လုပ် ၍ အသက် မွေး သတည်း ။	G11	Upper Secondary
( အင်းဝ ခေတ် စကားပြေ ) လက် သမား ကျော်	တစ်ရံရောအခါ လက် သမား ကြီး ဤ သို ကြံ ၏ ။ “ ငါ တို့ အသက် မွေး ခြင်း ကား ရပ် စောက် စာ ” သာ တည်း ။ အို မင်း လာ သောအခါ အသက် မွေး ရ အံ့ သည် မ ဟုတ် ” ဟု ကြံ ၍ ပေါ့ ပါး သော သစ် ပျဉ် များ တို့ ဖြင့် ငှက် ရုပ် ကြီး ပြု ၍ ယန္တရား ပျံ စေ ၏ ။ တပည့် သား တို့ ကို လည်း ဤ နည်း အတူ ငှက် ရုပ် ယာဉ် ကို ပြု ကုန် ဟု ကုန် အောင် စုံ တပည့် တို့ ကို ပျံ တတ် သော ငှက် ရုပ် ကို ချည်း ပြု စေ ၏ ။ ဤ မျှ လောက် သော ငှက် ရုပ် ယာဉ် တို့ ကို ကောင်းကင်ပြင် တိုင်း ပျံ စေ သဖြင့် မ ရောက် ကောင်း သော အရပ် ဟူ၍ မ ရ ကောင်း သော အရပ် ဟူ၍ မ ရှိ ။ အဘယ် ပြည် ကို ယူ ရ အံ့ နည်း ဟု တိုင်ပင် ကြ ၏ ။ ဗာရာဏသီ ပြည် ကို ယူ တော် ကာ မူ ဟူ ကုန် ၏ ။	G11	Upper Secondary
( အင်းဝ ခေတ် စကားပြေ ) လက် သမား ကျော်	လက် သမား ကြီး လည်း “ အချင်း တို့ - - - ဤ အ မူ ကို ငါ မ နှစ်သက် ၊ ဗာရာဏသီ ပြည် ကို ရ ပြီး မင်း ဖြစ် တုံ သော်လည်း လက် သမား မင်း ကြီး ၊ လက် သမား အိမ် ရှေ့ မင်း ၊ ဤ သို့ စ သည် သူ တို့ ခေါ် ခြင်း ဖြင့် လက် သမား အမည် ကား မ ပျောက် သည် နှင်နှင် တည်း ။ ဇမ္ဗူ ဒီ ပါ ကျွန်း ဖြင့် ကျယ်ဝန်း စွ ၊ အဝေး အလံ အ စဉ်း အ ဝါး မ သိ ရာ သို့ သွား ၍ မင်း မူ ကုန် အံ့ ” ဟု တိုင်ပင် ကြ ပြီး မှ သား ၊ မ ယား စ သည် ကို ငှက် ရုပ် ဝမ်း တွင် ချည်း သွင်း ၍ လက်နက် ကိရိယာ စီရင် လျက် မြောက် ရပ် ဟိမဝန္တာ သို့ ရှေးရှု ပျံ ကြ လေ ကုန် ၏ ။	G11	Upper Secondary
( အင်းဝ ခေတ် စကားပြေ ) လက် သမား ကျော်	ဟိမဝန္တာ တောင် ခြေရင်း ၌ က ဋ္ဌဝါဟန ပြည် ဟု တည် လေ ၏ ။ လက် သမား ကြီး ကို လည်း သစ် ရုပ် ကို စီရင် ၍ ယာဉ် ပြု သော ကြောင့် က ဋ္ဌဝါဟန မင်း ကြီး ဟု တွင် လေ ၏ ။ မင်း ၏ နိုင်ငံ အခြား ဖြစ် သ ၍ လည်း က ဋ္ဌဝါဟန တိုင်း ဟု တွင် လေ ၏ ။ တစ် ကျိပ် ခြောက် ယောက် သော တပည့် လက်အောက် ကြီး တို့ သည် လည်း အမတ် ကြီး အရာ ချည်း ရ ကုန် ၏ ။ တစ် သောင်းခြောက်ထောင် သော တပည့် သား များ လည်း အမှု အကဲ နှင်နှင် ချည်း ဖြစ် ကုန် ၏ ။	G11	Upper Secondary
( အင်းဝ ခေတ် စကားပြေ ) လက် သမား ကျော်	ထို က ဋ္ဌဝါဟန ပြည် ကား မင်း တရား စောင့် သော အား ဖြင့် သင်္ဂြိုဟ် ခြင်း လေး ပါး ဖြင့် သင်္ဂြိုဟ် သည် ဖြစ် ၍ အလွန် လျှင် စည်ပင် ကြွယ်ဝ ပွင့်လင်း စွာ ၏ ။ ဘေး ဘျမ်းဥပဒ္ဒဝေါ အန္တရာယ် မ ရှိ ချမ်းသာ ၏ ။ မင်း ကို လည်း ကောင်း ၊ မင်း ၏ ပရိသတ် တို့ သည် လည်း ကောင်း ၊ ပြည်တွင်း ပြည်ပ ခပ်သိမ်း သော ပြည်သူ တို့ သည် လည်း ကောင်း အလွန် နှစ် လို့ စုံမက် ကြ ကုန် ၏ ။ ပြည်သူ ရွာသား လည်း မင်း နိုင်ငံ ဝယ် မွေ့လျော် ပျော် ပါး ကုန် ၏ ။ မင်း လည်း ပြည် တည်း သခင် ဖြစ် တော် မူ ၏ ။ ရှင်မဟာသီလဝံသ	G11	Upper Secondary
( အင်းဝ ခေတ် စကားပြေ ) လက် သမား ကျော်	၁ ။ မတ် တတ် စာ ၊ လုပ်ကိုင် နိုင် သည့် အခါ လောက် သာ စား ဖို့ ရ သော အစာ ။ ၂ ။ လည်ပတ် လှုပ်ရှား ခြင်း ဖြင့် တစ် စုံ တစ် ခု သော စွမ်းအင် ကို ထုတ် ပေး နိုင် သော ကိရိယာ ၊ စက် ။ ၃ ။ မိမိ တို့ ၏ အတွင်း ရေး အကြောင်းအရာ ။ ၄ ။ ကူညီ ထောက်ပံ့ ခြင်း ။ ၅ ။ နှိပ်စက် ညှဉ်းပန်း မှု ၊ ဘေးအန္တရာယ် ။	G11	Upper Secondary
လေ့ကျင့်ခန်း	၁ ။ ' လက် သမား ကျော် ' စကားပြေ ၏ ရည်ရွယ် ချက် မှာ အဘယ် နည်း ။	G11	Upper Secondary
လေ့ကျင့်ခန်း	၂ ။ လက် သမား ဆရာ ကြီး နှင့် တပည့် တို့ သည် အဘယ် ကြောင့် ဗာရာဏသီ ပြည် မှ ထွက်ခွာ ၍ တိုင်း သစ် ပြည် သစ် တည်ထောင် ရ သနည်း ။ ဆွေးနွေး တင်ပြ ပါ ။	G11	Upper Secondary
လေ့ကျင့်ခန်း	၃ ။ တိုင်းပြည် တစ် ပြည် တည်ထောင် ရာ တွင် အတတ်ပညာ နည်းပညာ တို့ လိုအပ် ပုံ ကို လက် သမား ကျော် စကားပြေ အရ လေ့လာ တင်ပြ ပါ ။	G11	Upper Secondary
လေ့ကျင့်ခန်း	၄ ။ အောက် ပါ စကားလုံး တို့ ကို အနက် အဓိပ္ပာယ် နှင့် ပြည့်စုံ သော ဝါကျ ဖွဲ့ ပါ ။ လက် သမား အမှု ၊ တစ် ကျိပ် ခုနစ် ယောက် ၊ နှစ် လို့ စုံမက် ၊ ခပ်သိမ်း သော ၊ စည်ပင် ကြွယ်ဝ ၊	G11	Upper Secondary
လေ့ကျင့်ခန်း	"၅ ။ မျက်မှောက်ခေတ် စကားပြေ ဖြင့် ရေး သား ပါ ။ ( က ) "" ငါ တို့ အသက် မွေး ခြင်း ကား ရပ် စောက် စာ သာ တည်း ။ "" ( ခ ) "" ဇမ္ဗူ ဒီ ပါ ကျွန်း ဖြင့် ကျယ်ဝန်း စွ ၊ အဝေး အလံ အ စဉ်း အ ဝါး မ သိ ရာ သို့ သွား ၍ မင်း မူ ကုန် အံ့ """	G11	Upper Secondary
ချီးမွမ်း ခြင်း တရား	အဘိုး ရာဇာ - ချီးမွမ်း ထိုက် သ သူ ၊ မ ချီးမွမ်း ထိုက် သ သူ အဘယ် နည်း ဟု မေး တော် မူ ၏ ။ အရှင့်သား - ချီးမွမ်း ထိုက်တန် သော ကျေးဇူး ရှိ လေ လျှင် လည်း ရှိ ပေ သည့် အလျောက် ချီးမွမ်း ရ မည် ။ ကျေးဇူး ဂုဏ် မ ရှိ လျှင် လည်း မ ချီးမွမ်း ရ ဖြစ် သည် ။ ရှေး သူ တော် ကောင်း တို့ သည် လည်း လူ မ စွမ်း ကို ချီးမွမ်း လေ လေ ဖျင်း လေ လေ ဟူ၍ ဆို ကုန် သည် ။ လူ မ စွမ်း ကို ဆို ရာ ၌ မ လိမ်မာ မိုက် မဲ ၍ ကောင်းကျိုး မ ကောင်းကျိုး ကို မျှ မ သိ သ သူ တည်း ။	G11	Upper Secondary
ချီးမွမ်း ခြင်း တရား	ထို လူ မိုက် ကို ချီးမွမ်း ချေ လျှင် အကောင်း မှတ် ၍ မ ကောင်း မှု ကို ပြုကျင့် လေ သော် ချီးမွမ်း သ သူ ပင် တိုက်တွန်း နှိုးဆော် ရာ ကျ ချေ သည် ။ ကိုယ် လည်း မ ကောင်း မှု ပွား များ ရာ ချေ သည် ။ ယင်း သို့ သော ကြောင့် ထို သူ မိုက် ကို မ ချီးမွမ်း ရာ ဖြစ် ပါ သည် ။ တစ် ကြောင်း လည်း ချီးမွမ်း လျှင် သူ မိုက် တို့ မှာ ငါ့ ကို သူ များ ချီးမွမ်း လေ ပြီ ဟူ၍ အဆင်အခြင် မ ရှိ ပြော ဆို လျှင် အကျိုးယုတ် ချေ သည် ။	G11	Upper Secondary
ချီးမွမ်း ခြင်း တရား	ပုံ ဆို ဦး အံ့ ။ ဘုရားမြတ်စွာ အလောင်း တော် သည် ရွှေဟင်္သာ မင်း ဖြစ် သောအခါ သမီး တော် ရွှေဟင်္သာ မ တစ် ခု ရှိ သည် ။ သမီး တော် ခင်ပွန်း လို လျှင် ငှက် အပေါင်း ကို စည်းဝေး စေ ၍ ထိုက်တန် သ သူ ကို ပြ ဟု ခမည်းတော် ဆို သော် ထို ငှက် အပေါင်း တို့ တွင် အဆင်း အဝါ နှင့် ပြည့်စုံ သော ဥဒေါင်း ငယ် တစ် ခု ကို ကြိုက် သည် ဟု ဆို ၏ ။ ငှက် တကာ အပေါင်း တို့ လည်း သူ များ အ ပုံ တွင် သင် တစ် ယောက် ကို သာ ရွှေဟင်္သာ မင်း သမီး ကြိုက် ပ လေ သည် ။ “ အံ့ဖွယ် သရဲ ရှိ လှ ၏ ” ဟု ချီးမွမ်း ကြ ၏ ။	G11	Upper Secondary
ချီးမွမ်း ခြင်း တရား	ထို ဥဒေါင်း လည်း သူ များ ချီးမွမ်း လျှင် ဝမ်းမြောက်ဝမ်းသာ ရှိ ၍ သည် မျှ သာ အစွမ်းသတ္တိ ရှိ သည် မ ဟုတ် ဟူ၍ ပရိသတ် အလယ် တွင် က ၏ ။ ဥဒေါင်း တို့ သဘော သည် က သောအခါ မ မြင် အပ် သော နေ ရာ ကို သူ များ မြင် လေ သည် ။ အဘ ဟင်္သာ မင်း လည်း သည် ဥဒေါင်း သည် ဟီရိဩတ္တပ္ပ မ ရှိ ။ ငါ့ သမီး နှင့် မ ထိုက်တန် ဟု ပယ် ၍ တူ တော် ရွှေဟင်္သာ နှင့် ထိမ်းမြား လေ ၏ ။ ဤ အခါ ၌ ဥဒေါင်း သည် သူ များ ချီးမွမ်း လေ လျှင် အဆင်အခြင် မ ရှိ က ချေ သော ကြောင့် ရွှေဟင်္သာ မ ကို မ ရ ဘဲ အကျိုးယုတ် ဖူး လေ သည် ။	G11	Upper Secondary
ချီးမွမ်း ခြင်း တရား	ဤ လည်း တစ် ပုံ ။ တစ် ပုံ ဆို ပါ ဦး အံ့ ။ ဗာရာဏသီ ပြည် ၌ ဘုရား အလောင်း မင်း ပြု သောအခါ ပုရောဟိတ် ပုဏ္ဏား သည် မြင်း တစ် စီး ကို ရွှေ ကြိုး ရွှေ က တင် ၍ မင်း အိမ် သို့ စီး ၍ သွား လျှင် ခပ်သိမ်း သော သူ အပေါင်း တို့ သည် အိုဘယ့် မြင်း ၊ ကြော့ရှင်း ပါ ဘိ သည် ။ လှ ပါ ဘိ သည် ။ ယဉ်ကျေး ပါ ဘိ သည် ဟူ၍ ချီးမွမ်း ကြ ၏ ။ ထို ချီးမွမ်း ကြ သော အသံ ကို ပုရောဟိတ် ပုဏ္ဏား ကြား လျှင် နန်းတော် သို့ ရောက် မှ အိမ် သို့ ပြန် ၍ ပုဏ္ဏ ေး မ ကို ဆို ၏ ။	G11	Upper Secondary
ချီးမွမ်း ခြင်း တရား	ရှင် မ ၊ မြင်း ၏ တင့်တယ် ခြင်း ကို သာ ချီးမွမ်း ကြ သည် ။ ငါ့ ကို မ ချီးမွမ်း ဟု ပြော လျှင် ပုဏ္ဏ ေး မ က လည်း ရှင် ပုဏ္ဏား ၊ မြင်း ၏ ကြိုး က တန်ဆာ တို့ ကို ဆင်ယင် ၍ သွား လျှင် သူ များ ချီးမွမ်း ကြ လိမ့် မည် ဟု ဆို ၏ ။ ပုဏ္ဏား လည်း ပုဏ္ဏ ေး မ ဆို တိုင်း မြင်း ကြိုး က တန်ဆာ တို့ ကို ဆင်ယင် ၍ မင်း အိမ် သို့ သွား သည် ရှိ သော် မြင် မြင် သမျှ သူ အပေါင်း တို့ သည် လက်ခုပ်လက်ဝါး တီး ၍ - အိုဘယ့် ပုဏ္ဏား ၊ ယဉ်ကျေး ပါ ဘိ သည် ။ ကြော့ရှင်း ပါ ဘိ သည် ဟု ချီးမွမ်း လျှင် တကယ် အကောင်း မှတ် ၍ လက် ခြေ တို့ ကို နှိမ့် ချည် မြင့် ချည် ပြု ၍ မြင်း ကဲ့သို့ သွား ၍ နန်းတော် သို့ ရောက် လေ လျှင် ဘုရား အလောင်း ဗြဟ္မဒတ်မင်း ကြီး သည် ဆရာ ပုဏ္ဏား ယနေ့ ရူး သလော ဟု ဆို ၏ ။ သို့ မှ သတိရ ၍ အိမ် သို့ ပြန် ၏ ။ ဤ အရာ ၌ ပုဏ္ဏား သည် သူ တို့ ချီးမွမ်း သည် ကို လို သော ကြောင့် အရှက် ရ ချေ သည် ။	G11	Upper Secondary
ချီးမွမ်း ခြင်း တရား	ချီးမွမ်း ထိုက် သော သူ ကို ချီးမွမ်း ၍ အကျိုး ရောက် ဖူး ကြောင်း ကား ။ ။ အရှင်သာရိပုတ္တရာ အလောင်း တော် သုရုစိ ရသေ့ ဖြစ် သောအခါ အ နေ ာမဒဿီ ဘုရား ရှင် ပညာ တော် ကို ကောင်းကင် စကြဝဠာ မြေ အထု နှင့် ပုံ ပြု ၍ ချီးမွမ်း တော် မူ သော ကြောင့် ငါ တို့ မြတ်စွာဘုရား လက်ထက် တော် ဝယ် ပညာ ရှိ အရာ ၌ ဧတဒဂ်ရ သော ဉာဏ် တော် ရှင် ဖြစ် တော် မူ သည် ။ ရှင်သာရိပုတ္တရာ သည် အဘယ် မျှ လောက် ပင် ပညာ ကြီး လေ သနည်း ဟူ မူ ကား ဘုရားသခင် ကို ချန်လှပ် ၍ စကြဝဠာ ၌ ရှိ သော လူ နတ်ဗြဟ္မာ သတ္တဝါ အပေါင်း တို့ ၏ ပညာ သည် ရှင်သာရိပုတ္တရာ ၏ ပညာ တော် ကို နှစ် ရာ ငါ့ း ဆယ့်ခြောက် စိတ် စိတ် ၍ တစ် စိတ် ကို မျှ မ တူ ချေ ဟူ၍ ကျမ်းဂန် ၌ လာ သည် ။ နီတိကျမ်း တွင် လည်း - ဆရာ ကို ရှေ့ တွင် ၊ အဆွေခင်ပွန်း ကို ကွယ် ရာ ၊ ကျွန် ကို လုပ်ကိုင် စဉ် - ချီးမွမ်း ရာ သည် ဟူ၍ ဆို သည် ။ ရှင် စန္ဒ လင်္ကာ	G11	Upper Secondary
ချီးမွမ်း ခြင်း တရား	၁ ။ အဆင်ခြင် ကင်းမဲ့ သူ ၊ မိုက် မဲ သူ ။ ၂ ။ အရည်အသွေး ညံ့ သည် ။ ၃ ။ အရှက်အကြောက် ။ ၄ ။ ဆင် မြင်း စ သည် တို့ ၏ အဆင်တန်ဆာ များ ။ ၅ ။ ပညာ အရာ ၊ တန်ခိုး အရာ တွင် အထူးချွန်ဆုံး အဖြစ် မြတ်စွာဘုရား က သတ်မှတ် တော် မူ သော ဂုဏ် အရည်အချင်း ။	G11	Upper Secondary
လေ့ကျင့်ခန်း	၁ ။ ချီးမွမ်း ခြင်း တရား စကားပြေ ၏ ရည်ရွယ် ချက် နှင့် စာ ဆို ညွှန်ပြ နေ သော ရှောင် ရန် ဆောင် ရန် သင်ခန်းစာ များ ကို ကောက်နုတ် တင်ပြ ပါ ။	G11	Upper Secondary
လေ့ကျင့်ခန်း	၂ ။ ချီးမွမ်း မှု ကို နှစ်သက် ပြီး ဆင်ခြင် ဉာဏ် မဲ့ စွာ က ပြ သော ဥဒေါင်း ငှက် ၏ အရှက်တကွဲ အကျိုး နည်း ဖြစ် ပုံ ဖတ်ရှု ပြီး နောက် မည် သည့် သင်ခန်းစာ ရ သနည်း ။	G11	Upper Secondary
လေ့ကျင့်ခန်း	၃ ။ ရှင်သာရိပုတ္တရာ သည် ချီးမွမ်း ထိုက် သူ ကို ချီးမွမ်း သော ကြောင့် မည် သည့် အကျိုး ကို ခံစား ရ သနည်း ။	G11	Upper Secondary
လေ့ကျင့်ခန်း	၄ ။ ချီးမွမ်း ခြင်း နှင့် အပြစ်တင် ခြင်း ၏ အကျိုး အပြစ် များ ကို သင့် အတွေ့အကြုံ အရ ဆွေးနွေး ပါ ။	G11	Upper Secondary
လေ့ကျင့်ခန်း	၅ ။ အောက် ပါ စကားလုံး တို့ ကို အနက် အဓိပ္ပာယ် နှင့် ပြည့်စုံ သော ဝါကျ ဖွဲ့ ပါ ။ အဆင်အခြင် ၊ ချီးမွမ်း ထိုက် သော သူ ၊ တင့်တယ် ခြင်း ၊ ကောင်းကျိုး မ ကောင်းကျိုး ၊ ရှေး သူ တော် ကောင်း ၊	G11	Upper Secondary
လေ့ကျင့်ခန်း	"၆ ။ မျက်မှောက်ခေတ် စကားပြေ ဖြင့် ရေး သား ပါ ။ ( က ) "" အဘ ဟင်္သာ မင်း လည်း သည် ဥဒေါင်း သည် ဟီရိဩတ္တပ္ပ မ ရှိ ။ ငါ့ သမီး နှင့် မ ထိုက်တန် ။ "" ( ခ ) "" ရှင် ပုဏ္ဏား ၊ မြင်း ၏ ကြိုး က တန်ဆာ တို့ ကို ဆင်ယင် ၍ သွား လျှင် သူ များ ချီးမွမ်း ကြ လိမ့် မည် ။ """	G11	Upper Secondary
အခန်း ( ၂ ) ခေတ် စကားပြေ	မိတ်ဆွေ စစ် မိတ်ဆွေ စစ် စကားပြေ ကို ဦး နု ပြုစု ရေး သား သည့် အာဇာနည် ဟူသော စာအုပ် မှ ကောက်နုတ် ထား သည် ။ စာ ရေး သူ ဦး နု သည် အာဇာနည် ဟူသော စကား ၏ အနက် အဓိပ္ပာယ် ကျယ်ဝန်း ပုံ ကို ဖော်ပြ လို သဖြင့် မည် သို့ သော စိတ်ဓာတ် ရှိ သူ ကို အာဇာနည် အဖြစ် သတ်မှတ် သင့် ကြောင်း ကမ္ဘာ့ သမိုင်း တွင် ထင်ရှား ခဲ့ သော အကြောင်းအရာ တို့ ကို အခြေခံ ကာ ရေး သား ခဲ့ သည် ။ အာဇာနည် စိတ်ဓာတ် သည် မိုက်ရူးရဲဆန် သော စိတ်ဓာတ် မ ဟုတ် ၊ သစ္စာ ရှိ ခြင်း ၊ တည်ကြည် ရဲရင့် ခြင်း ၊ ဖြောင့်မတ် မှန်ကန် ခြင်း ၊ ကိုယ်ကျိုး ကို စွန့်လွှတ် ခြင်း ဟူသော စိတ်ဓာတ် မျိုး ဖြစ် ကြောင်း ကို ဖြစ် ရပ် မှန် အကြောင်းအရာ တို့ အား အကိုးအထောက် ပြ ၍ တင်ပြ သည် ။ မိတ်ဆွေ စစ် စကားပြေ တွင် မိတ်ဆွေ စစ် တို့ အကြား ထား အပ် သော သစ္စာ တရား ၊ ကိုယ်ကျိုး စွန့်လွှတ် အနစ်နာခံ မှု နှင့် ကတိတည် မှု ဟူသော အာဇာနည် စိတ် ထား တို့ ပါ ဝင် နေ ပုံ ကို လေ့လာ ရ မည် ဖြစ် သည် ။	G11	Upper Secondary
အခန်း ( ၂ ) ခေတ် စကားပြေ	ခေတ် စမ်း က ဗျာ ခေတ် စမ်း က ဗျာ စကားပြေ ကို သိပ္ပံ မောင် ဝ ၏ ခေတ် စမ်း စာပေ အထွေထွေ စာအုပ် မှ ကောက်နုတ် ထား သည် ။ သိပ္ပံ မောင် ဝ သည် သိပ္ပံ ကျောင်းသား မောင်မြသွင် က လောင် အမည် ဖြင့် ခေတ် စမ်း က ဗျာ များ သည် ရှေး က ဗျာ တို့ ၏ လောင်းရိပ် အောက် မှ လွတ်ကင်း လာ ပုံ ၊ အတွေးအခေါ် ၊ အယူအဆ ၊ အ တင် အ ပြ တို့ ပြောင်းလဲ လာ ပုံ ကို ဖော်ပြ ထား သည် ။ ခေတ် စမ်း က ဗျာ တို့ သည် ခေတ် ကို စမ်းသပ် ခြင်း ၊ ခေတ် ကို ပြောင်းလဲ ခြင်း ၏ လမ်း စ တစ် ခု ဖြစ် သည် ။ ရှေး က ဗျာ နှင့် ခေတ် စမ်း က ဗျာ တို့ သည် အရေး မ တူ အတွေး မ တူ ၊ ထို သို့ မ တူ သဖြင့် ရှေး ဆန် သူ တို့ က လက် မ ခံ ကြ ပေ ။ ထို သို့ လက် မ ခံ ခြင်း ကို လက်ခံ ချင် လာ အောင် ခေတ် စမ်း စာ ဆို မ ခင်စောမူ ၏ လိပ်ပြာ နှင့် ကြာ ကု မုဒ် က ဗျာ မှ ဆန်းသစ် သော အတွေးအမြင် များ ကို ဖော်ထုတ် သည် ။ အတွေး သာ ဆန်း သည် မ ဟုတ် အရေး တွင် လည်း စကား သုံး ကျစ်လျစ် လှပ ပုံ ကို အထောက်အထား များ ဖြင့် တင်ပြ ထား ရာ ခေတ် စမ်း စာပေ ၏ အား သာ ချက် တို့ ကို လေ့လာ ရ မည် ဖြစ် သည် ။	G11	Upper Secondary
အခန်း ( ၂ ) ခေတ် စကားပြေ	မိုးညို နှင့် ဂျီ ဗိုလ် မိုးညို နှင့် ဂျီ ဗိုလ် စကားပြေ ကို ဦး တင် လှ ၏ မြန်မာ မှု စာအုပ် မှ ကောက်နုတ် ထား သည် ။ မြန်မာ မှု ဆို သည် မှာ မြန်မာ လူမျိုး တို့ ၏ စိတ်ကူးစိတ်သန်း များ ကို အခြေခံ ကာ တီထွင် ထား သော ဒြပ်မဲ့ ယဉ်ကျေး မှု ( စာပေ ၊ ရိုးရာဓလေ့ ၊ အဆင်အယင် ၊ ပွဲလမ်းသဘင် ) တို့ ကို ဆို လို သည် ။ ယင်း တို့ ကို လျစ်လျူ မ ရှု ဘဲ ထိန်းသိမ်း ခြင်း သည် မြန်မာ မှု ကို စောင့်ရှောက် ခြင်း ဖြစ် သည် ။ ကျေးတော နေ တောင် သူ လယ်သမား တို့ သည် သူ တို့ ၏ လူ နေ မှု ဘဝ တွင် ပျော်ရွှင် စွာ နေ ထိုင် ရင်း သူ တို့ တွယ် တာ သော လယ်ယာ ကိုင်းကျွန်း နှင့် တိရစ္ဆာန် တို့ ၏ သဘာဝ ကို အခြေခံ ကာ ပျော်ပွဲရွှင်ပွဲ တို့ ကို တီထွင် ကြ သည် ။ ကျေးလက် ရေ မြေ သဘာဝ နှင့် ကိုက်ညီ အောင် ဖန်တီး ကာ ဇာတိ ရပ် ရွာ တွင် မွေ့လျော် ပျော်ပိုက် စွာ နေ ထိုင် တတ် ကြ သည် ၊ တော သူ တောင် သား တို့ ၏ အနုပညာ ဗီဇ နှင့် ဖျော်ဖြေတင်ဆက်မှု သည် သူ တို့ ၏ ဒြပ်မဲ့ ယဉ်ကျေး မှု ၊ မြန်မာ မှု အမွေအနှစ် များ ဖြစ် ကြောင်း လေးစား ဖွယ် လေ့လာ နိုင် မည် ဖြစ် သည် ။	G11	Upper Secondary
အခန်း ( ၂ ) ခေတ် စကားပြေ	ဆည်မြောင်း ပညာ နှင့် ရှေးခေတ် မြန်မာ ဆည်မြောင်း နှင့် ရှေးခေတ် မြန်မာ စကားပြေ ကို ဒါ ရိုက် တာ မြင့် မောင် ၏ လယ် တွင်း ကိုး ခရိုင် ၊ ရှေးခေတ် မြန်မာ တို့ ၏ စပါးကျီ စာအုပ် မှ ကောက်နုတ် ထား သည် ။ လယ် တွင်း ကိုး ခရိုင် ဒေသ တွင် ပုဂံ ခေတ် က တည်း က ဆည်မြောင်း များ တူး သွယ် ကာ ရေ သွင်း စိုက်ပျိုး ခဲ့ သည် ။ လယ် တွင်း ကိုး ခရိုင် သည် မြန်မာ တို့ ၏ စပါးကျီ ဖြစ် သည် ။ ထို သို့ ဆည်မြောင်း များ တူးဖော် ကာ ရေ သွင်း စိုက်ပျိုး ခြင်း အတတ် ကို နိုင်ငံခြားသား အင်ဂျင်နီယာ များ က အသိအမှတ်ပြု ခဲ့ သည် ။ ဆည်မြောင်း အတတ်ပညာ တွင် မည် သို့ မည် ပုံ စီမံ ထား ကြောင်း စာတမ်း များ ရေး ကာ တင်ပြ ခဲ့ သည် ။ နိုင်ငံခြားသား ဆည်မြောင်း အင်ဂျင်နီယာ များ ချီးကျူး ခဲ့ သော ရှေးခေတ် မြန်မာ တို့ ၏ ဆည်မြောင်း အတတ်ပညာ ကို လေ့လာ နိုင် မည် ဖြစ် သည် ။ .	G11	Upper Secondary
မိတ်ဆွေ စစ်	ဆီ ရာ ကျ မြို့ သည် ဆစ် ဆီ လီ ကျွန်း တွင် ရှိ ၍ ရှေး အခါ ဂရိ လူမျိုး များ ကောင်း စား စဉ် က ကြီးကျယ်ခမ်းနား ခဲ့ သော မြို့ ကြီး တစ် မြို့ ဖြစ် လေ သည် ။ ယခု အဖြစ်အပျက် က လေး ပေါ်ပေါက် စဉ် က ထို မြို့ ၏ ဘုရင် သည် ဒိုင်း အို နစ် ရှီ ယပ် ဖြစ် သည် ။ သူ သည် သူ ၏ စွမ်းရည် သတ္တိ ကြောင့် စာ ရေး က လေး ဘဝ မှ ဘုရင် ဖြစ် လာ သည် ။ ထို့ကြောင့် မြို့ သူ မြို့ သား တို့ သည် တတ် နိုင် သည့် နေ့ တစ် နေ့ တွင် သူ့ ကို အတင်း ဖြုတ်ချ လိမ့် မည် ဟူသော အတွေး ဖြင့် ကိုယ် က ကျူး ကိုယ့် ဒူး ကို ပင် မ ယုံကြည် နိုင် ဘဲ ရှိ လေ သည် ။	G11	Upper Secondary
မိတ်ဆွေ စစ်	အဘယ် မျှ ... မယုံသင်္ကာ ရှိ သနည်း ဆို သည် ကို ကြည့် ကြ ဦး စို့ ။ ဒိုင်း အို နစ် ရှီ ယပ် သည် ထောင် တစ် ခု ပြုလုပ် ထား သည် ။ သူ နှင့် မ သင့် မ တင့် သော သူ များ ၊ သူ မယုံသင်္ကာ သော သူ များ ၊ သူ့ အလို ကို မ လိုက် သူ များ အစ ရှိ သည် တို့ ကို ထို ထောင် တွင်း ၌ အကျဉ်း သွင်း ထား လေ သည် ။ ထို သူ များ သည် ထောင် ထဲ တွင် သူ့ အကြောင်း ကို ဘာ တွေ များ ပြော ကြ သနည်း ဟု သိ ချင် သော ကြောင့် ထို ထောင် နှင့် ကပ် လျက် ရှိ သော ကျောက် တောင် ကို ထွင်း ပြီး လျှင် က လိုင် များ ဖောက် လုပ် ထား ရာ အကျဉ်းသား များ ပြော သမျှ စကား ကို ထို အခန်း တွင်း မှ ကောင်း စွာ ကြား နိုင် လေ သည် ။ သူ့ အိပ်ခန်း ၏ ပတ်လည် တွင် လည်း ကျုံး တစ် ခု တူး ထား ပြီး လျှင် ဆွဲ တံခါး တစ် ခု ကို စီမံ ထား ၍ အသုံးပြု ချင် သည့် အခါ ထို တံခါး ကို သူ ကိုယ်တိုင် ဆွဲ တင် ဆွဲ ချ လေ့ ရှိ သည် ။	G11	Upper Secondary
မိတ်ဆွေ စစ်	"တစ် ခါ က လည်း သူ့ မုတ်ဆိတ်ရိတ် သမား က "" ကျုပ် ဟာ နှယ် နှယ့် လူ မ ဟုတ် ဘူး ။ ဒိုင်း အို နစ် ရှီ ယပ် ရဲ့ ရေ မျိုး နား ကို ကျုပ် သင် တုန်း ဓား ဟာ မနက် တိုင်း ရောက် ရ တဲ့ လူ ပါ ဗျ "" ဟု အကြွား လွန် မိ သဖြင့် အသတ်ခံ ရ ဖူး လေ သည် ။ ထို မုတ်ဆိတ်ရိတ် သမား သေ ပြီး နောက် ဒိုင်း အို နစ် ရှီ ယပ် သည် သူ့ သမီး များ ကို မုတ်ဆိတ်မွေး အ ရိတ် ခိုင်း သည် ။ သို့သော် လည်း သူ့ သမီး များ ကို ပင် သင် တုန်း ဓား နှင့် စိတ် မ ချ ပြန် သော ကြောင့် သစ် စေ့ များ ကို ပူ အောင် လုပ် ပြီး မှ ထို သစ် စေ့ တို့ ဖြင့် မုတ်ဆိတ်မွေး များ ကို မီးပူတိုက် ပစ် လေ သည် ။"	G11	Upper Secondary
မိတ်ဆွေ စစ်	"လူ တစ် ဦး ကို လည်း အကျီစား မှား သွား သဖြင့် သတ်ပစ် ဖူး လေ သည် ။ ဒိုင်း အို နစ် ရှီ ယပ် သည် တစ်နေ့သ၌ ထို လူ အား "" ကြေး ထဲ မှာ ဘယ် ကြေး ဟာ အကောင်းဆုံး လဲ "" ဟု မေး ရာ ထို လူ က "" ဟာ မိုး ဒီ းယပ်"" နှင့် အာ ရ စ္ စတိုး ဂေး တန် တို့ ၏ အရုပ် များ ကို သွန်းလုပ် ထား သော ကြေး များ သည် အကောင်းဆုံး ဖြစ် ပါ သည် ” ဟု ပြော လိုက် ရာ ဤ ပြက်လုံး ကို ဒိုင်း အို နစ် ရှီ ယပ် သည် မ ခံ မ ရပ် နိုင် အောင် နာကြည်း သဖြင့် ထို လူ ကို သတ်ပစ် ခြင်း ဖြစ် သည် ။"	G11	Upper Secondary
မိတ်ဆွေ စစ်	ပြက်လုံး ၏ အဓိပ္ပာယ် မှာ ကား ဤ သို့ တည်း ။ ဟာ မိုး ဒီ းယပ် နှင့် အာ ရ စ္ စတိုး ဂေး တန် တို့ သည် ဘုရင် ရာထူး ကို ဒိုင်း အို နစ် ရှီ ယပ် ကဲ့သို့ အဓမ္မ သိမ်းပိုက် ထား သော ပိုင် ဆစ် စတြား တပ် ၏ သား များ ကို သတ်ပစ် လိုက် ဖူး သော ဂုဏ်ထူး ကြောင့် မြို့ သူ မြို့ သား များ က ကြေး ရုပ် သွန်း ထား သူ များ ဖြစ် ကြ သည် ။	G11	Upper Secondary
မိတ်ဆွေ စစ်	"တစ် ခါ တုန်း က လည်း ဒိုင်း အို နစ် ရှီ ယပ် သည် လင်္ကာ တစ် ပုဒ် ရေး စပ် လိုက် ရာ ထို လင်္ကာ မှာ ဘာ မျှ အနှစ်သာရ မ ရှိ ကြောင်း ဖြင့် ပညာ ရှိ ဖီလို ဇီး နပ် က ပြော ပြ မိ သော ကြောင့် ထို ပညာ ရှိ ကြီး ကို ထောင် သွင်း အကျဉ်းချ ထား ဖူး သည် ။ နောက် တစ် ကြိမ် စာ တစ် ပုဒ် ကို ထပ် ချိုး ပြီး လျှင် ဖီလို ဇီး နပ် ကို ထောင် မှ ထုတ် ၍ ဝေဖန် ခိုင်း ပြန် ရာ ပညာ ရှိ ကြီး လည်း သူ့ အား ဘာ မျှ ပြန် မ ပြော တော့ ဘဲ အရာ ရှိ များ ဘက် ကို သာ လှည့် ၍ “ ကိုင်း ... ဆရာ တို့ ၊ ကျုပ် ကို သာ ထောင် ပြန် ပို့ ပါ တော့ ” ဟု ဆို လေ ၏ ။ ထိုအခါ မှ ဒိုင်း အို နစ် ရှီ ယပ် သည် အား ရ အောင် ရယ် တည့် ပြီး "" ဒီ လူ ရိုး ပါ တယ် ။ လွှတ် လိုက် ကြ ပါ တော့ ကွယ် "" ဟု ဆို ၍ လွှတ် ပစ် လိုက် ဖူး သည် ။"	G11	Upper Secondary
မိတ်ဆွေ စစ်	"ဤ ဒိုင်း အို နစ် ရှီ ယပ် သည် တစ်နေ့သ၌ ပစ် သီ ယက် ဆို သော လူ တစ် ဦး ကို မသင်္ကာ မှု နှင့် ဖမ်း ပြီး နောက် သေဒဏ် ပေး လိုက် လေ သည် ။ ထိုအခါ က ပစ် သီ ယက် တွင် ဂရိ ပြည် ၌ ဆွေမျိုး ဉာတိ များ ကို တွေ့ စရာ ရှိ သည့် အပြင် လယ်ယာ ကိုင်းကျွန်း များ ကို လည်း စီမံခန့်ခွဲ စရာ ရှိ သေး သဖြင့် ဂရိ ပြည် မှ ပြန် လာ သည် အထိ သေဒဏ် ဆိုင်းငံ့ ပေး ပါ ရန် ပစ် သီ ယက် လည်း ဒိုင်း အို နစ် ရှီ ယပ် ထံ တွင် ခွင့် တောင်း လေ သည် ။ ဒိုင်း အို နစ် ရှီ ယပ် သည် ပစ် သီ ယက် ကို ကြည့် ပြီး နောက် "" ဒီ ကောင် တယ် အ , သေး တာ ပဲ "" ဟူသော သဘော မျိုး ဖြင့် ရယ် ၍ "" မင်း က ငါ့ ကို တစ် ပတ် ရိုက် မယ် များ ကြံ နေ သလား ကွ ။ ဒီ မြို့ က ထွက် သွား ပြီး ရင် မင်း ဘယ် ပြန် လာ တော့ မ လဲ "" ဟု ပြော လေ ၏ ။"	G11	Upper Secondary
မိတ်ဆွေ စစ်	"ထိုအခါ ပစ် သီ ယက် ၏ သူငယ်ချင်း ဒါ မွန် ဆို သူ သည် လူ တော ထဲ မှ ထွက် လာ ပြီး သော် "" ကျွန်တော့် သူငယ်ချင်း ပစ် သီ ယက် ဟာ ကတိ အတိုင်း အချိန် နဲ့ ပြန် မ လာ ရင် ကျွန်တော့် ကို သတ် ပါ ။ အခု သူ့ ကို လွှတ် ပြီး သူ့ ကိုယ် စား ကျွန်တော့် ကို ပဲ ဖမ်း ထား ပါ "" ဟု လျှောက်ထား လေ ၏ ။"	G11	Upper Secondary
မိတ်ဆွေ စစ်	"ဒိုင်း အို နစ် ရှီ ယပ် လည်း ပထမ ၌ အံ့အားသင့် သွား သော်လည်း နောက်ဆုံး ၌ သဘောတူ လိုက် လေ သည် ။ သို့ ရာ တွင် သူ့ စိတ် ထဲ မှာ မူ ကား "" ဒီ ကောင် တော့ ပြန် လာ မှာ မ ဟုတ် ဘူး ။ ဒီ မှာ နေ ရစ် တဲ့ လူ အ , ကို ပဲ သတ် ရ မှာ ပဲ "" ဟု အမှတ် ထား လိုက် ၏ ။"	G11	Upper Secondary
မိတ်ဆွေ စစ်	"သူ အမှတ် ထား သည့် အတိုင်း အချိန် တွေ လွန် သော်လည်း ပစ် သီ ယက် သည် ပေါ် မ လာ ချေ ။ သို့ ပင် ဖြစ် သော်လည်း ဒါ မွန် မှာ မူ ကား သေ ရ တော့ မည့် ဘေး ကို တွေးတော ပြီး လျှင် ပူဆွေး ပြု ခြင်း ၊ ထိတ်လန့်တကြား ဖြစ် ခြင်း ၊ သော က ရောက် ခြင်း စ သည့် အမူအရာ တို့ ကို မ ပြ ချေ ။ သူ့ ကို စုံစမ်း ကြည့် သောအခါ သူ့ သူငယ်ချင်း ၏ သမာဓိ ကို ယုံကြည် မြဲ ယုံကြည် လျက် "" ပစ် သီ ယက် က တော့ ပြန် လာ မှာ မုချ ပဲ ။ လမ်း မှာ တစ် ခု ခု ဖြစ် နေ လို့ ကြာ နေ တာ ဖြစ် မှာ ပဲ ။ ဒါပေမဲ့ သူ ပြန် မ လာ နိုင် လို့ အသေ ခံ ရ မယ် ဆို ရင် လဲ ချစ် တဲ့ သူ အတွက် အသေ ခံ ရ လို့ ဝမ်းနည်း စရာ မ ရှိ ပါ ဘူး ။ ဝမ်း တောင် သာ ပါ သေး တယ် "" ဟု ဒါ မွန် က ပြန် ၍ ပြော လေ ၏ ။"	G11	Upper Secondary
မိတ်ဆွေ စစ်	"ဒါ မွန် လည်း နောက်ဆုံး ရက် နောက်ဆုံး နာရီ ထိုး သည့် တိုင် အောင် သူ့ သူငယ်ချင်း ၏ သမာဓိ အပေါ် တွင် စိတ် မ ကွက် ဘဲ ခပ်အေးအေး နေ မြဲ ပင် ဖြစ် လေ ၏ ။ "" ပစ် သီ ယက် ရဲ့ သဘော နဲ့ တမင် မ လာ တာ တော့ မ ဟုတ် ပါ ဘူး ။ လှိုင်း တွေ လေ တွေ နဲ့ မို့ ပြန် မ လာ နိုင် တာ ပါ ဘဲ "" ဟု နောက်ဆုံး သူ့ ကို သတ် ရန် ထုတ် သွား သည့် တိုင် အောင် ပြော နေ သေး ၏ ။"	G11	Upper Secondary
မိတ်ဆွေ စစ်	သို့ ရာ တွင် ပစ် သီ ယက် မှာ မူ ကား သူ့ သူငယ်ချင်း ကို သတ် ခါ နီး ဆဲ ဆဲ တွင် ဖြုန်း ခနဲ ပေါ် လာ ပြီး နောက် မတုန်မလှုပ် မ ကြောက် မ လန့် ဘဲ သူ့ ကို သတ် ရန် ထိုး ၍ အပ် လေ ၏ ။ သူငယ်ချင်း နှစ် ဦး ၏ သစ္စာ ရှိ ပုံ ကို မြင် သဖြင့် ဒိုင်း အို နစ် ရှီ ယပ် သည် သံဝေဂ ရ ပြီး လျှင် ပစ် သီ ယက် ကို လည်း မ သတ် တော့ ဘဲ သေဒဏ် မှ ချမ်းသာ ခွင့် ပေး လိုက် ဖူး လေ သည် ။ ဦး နု	G11	Upper Secondary
မိတ်ဆွေ စစ်	၁ ။ Syracuse.၂။Sicily.၃ ။ Greek . ၄ ။ Dionysius.၅ ။ လည်မျို ။ ၆ ။ ဆံ ၊ မုတ်ဆိတ်ရိတ် သည့် အ သွား ထက် သော ဓား တစ် မျိုး ။ ၇ ။ Harmodius.၈။Aristoge iton.၉။Philoxenus. ၁၀ ။ Pythias.၁၁။Damon.	G11	Upper Secondary
လေ့ကျင့်ခန်း	၁ ။ “ မိတ်ဆွေ စစ် ” စကားပြေ ၏ ရည်ရွယ် ချက် ကို ဖော်ပြ ပါ ။	G11	Upper Secondary
လေ့ကျင့်ခန်း	၂ ။ ဒိုင်း အို နစ် ရှီ ယပ် ဘုရင် သည် လူ တို့ ကို အဘယ် ကြောင့် မ ယုံ မ ကြည် ဖြစ် နေ သနည်း ။ ရှင်းလင်း ရေး သား ပါ ။	G11	Upper Secondary
လေ့ကျင့်ခန်း	၃ ။ ဒိုင်း အို နစ် ရှီ ယပ် ဘုရင် ၏ အတွေးအမြင် သည် အဘယ် ကြောင့် ပြောင်းလဲ သွား ပါ သနည်း ။	G11	Upper Secondary
လေ့ကျင့်ခန်း	၄ ။ ' မိတ်ဆွေ စစ် ' ဟူ သည် အဘယ် နည်း ။ ပစ် သီ ယက် နှင့် ဒါ မွန် တို့ နှစ် ဦး ကို မိတ်ဆွေ စစ် ဟု သင် ယူဆ ပါ သလား ။ ကျိုး ကြောင်း ပြ ဖြေ ဆို ပါ ။	G11	Upper Secondary
လေ့ကျင့်ခန်း	၅ ။ အောက် ပါ စကားလုံး တို့ ကို အနက် အဓိပ္ပာယ် နှင့် ပြည့်စုံ သော ဝါကျ ဖွဲ့ ပါ ။ ပြက်လုံး ၊ စွမ်းရည် သတ္တိ ၊ ထိတ်လန့်တကြား ၊ ဝမ်းနည်း စရာ ၊ မ ကြောက် မ လန့် ၊	G11	Upper Secondary
လေ့ကျင့်ခန်း	၆ ။ လူ မှု ဘဝ တွင် မိတ်ဆွေ စစ် ရ ရှိ ရန် အရေးကြီး ပုံ ကို သာဓက များ ဖြင့် ဆွေးနွေး ပါ ။	G11	Upper Secondary
ခေတ် စမ်း က ဗျာ	ခေတ် စမ်း စာအုပ် တွင် မ ခင်စောမူ ၏ က ဗျာ ၆ ပုဒ် ပါ လေ သည် ။ မ ခင်စောမူ ကား ခေတ် စမ်း ဝါ ဒီ ဖြစ် လေ သည် ။ စိတ်ကူး ပုံ ၊ ဖွဲ့ ဆို ပုံ တို့ မှာ ခေတ် စမ်း ဝါဒ အတိုင်း ဖြစ် လေ သည် ။ မ ခင်စောမူ ၏ က ဗျာ များ အနက် “ ဓမ္မ တာ ” ၊ “ ဖြေ မ ပြေ ၊ “ လိပ်ပြာ နှင့် ကြာ က ုမုဒ်” ဆို သော က ဗျာ လေး တို့ မှာ အတော် ပင် ကောင်း လေ သည် ။ ၎င်း တို့ အနက် လည်း လိပ်ပြာ နှင့် ကြာ ကု မုဒ် မှာ အကောင်းဆုံး ဖြစ် လေ သည် ။ ခေတ် စမ်း က ဗျာ တစ် အုပ် လုံး တွင် ဤ က ဗျာ လေး ကို ကျွန်တော် အကြိုက်ဆုံး ဖြစ် လေ သည် ။ သူ တကာ ကြိုက် မ ကြိုက် ကို ကား မ ပြော တတ် ပေ ။	G11	Upper Secondary
ခေတ် စမ်း က ဗျာ	လ ရောင် ဆန် သော ပန်း မျိုး လိပ်ပြာ နှင့် ကြာ ကု မုဒ် ခေါ် က ဗျာ က လေး မှာ ကား လိပ်ပြာ နှင့် ကု မုဒ် ကြာ တို့ ၏ ဒဏ္ဍာရီ က လေး အကြောင်း ကို ဖွဲ့ ဆို ထား လေ သည် ။ ကု မုဒ် ကြာ တို့ မည် သည် ညဉ့် မှ ပွင့် ၏ ။ လိပ်ပြာ တို့ ကား နေ့ မှ ထွက် လေ့ ရှိ လေ သည် ။ ကု မုဒ် ကြာ ပွင့် သော အချိန် တွင် လိပ်ပြာ က အိပ် နေ လေ ပြီ ။ လိပ်ပြာ နိုး သောအခါ ကု မုဒ် ကြာ က ငုံ သွား လေ ပြီ ။ ထို့ကြောင့် လိပ်ပြာ နှင့် ကု မုဒ် ကြာ တို့ မှာ ဆုံစည်း ရန် မ ဖြစ် နိုင် ကြောင်း ။ သို့သော် ပဒုမ္မာကြာ အကြား မှ နတ်သမီး ထွက် ပေါ် လာ သောအခါ လ မင်း ထွက် သည် ထင် ၍ ကြာ ကု မုဒ် မှာ နေ့ခင်း တွင် ပွင့် ရှာ ပေ သည် ။ ထို နတ်သမီး ၏ ကျေးဇူး ကြောင့် ကုမုဒြာကြာ နှင့် လိပ်ပြာ တို့ တွေ့ဆုံ ကြ ရ ကြောင်း ကို ဖွဲ့ ဆို ထား သော က ဗျာ တို လေး ဖြစ် လေ သည် ။	G11	Upper Secondary
ခေတ် စမ်း က ဗျာ	"အလွန် ဆန်းကြယ် သော စိတ်ကူးစိတ်သန်း အများ ကို က ဗျာ တို လေး တစ် ပုဒ် တည်း တွင် ပြည်စုံ အောင် ထည့်သွင်း ထား နိုင် ခြင်း ကို ချီးမွမ်း မိ တော့ ၏ ။ စိတ်ကူးစိတ်သန်း များ ကို စာ များ များ နှင့် ဖွဲ့ ဆို ထား လျှင် များ စွာ ချီးမွမ်း ဖွယ် မ ရှိ ။ စိတ်ကူး များ များ ကို စာ သား နည်းနည်း နှင့် ဖွဲ့ ဆို နိုင် ခြင်း တို့ သာ လျှင် ချီးမွမ်း ထိုက် ပေ သည် ။ ၎င်း က ဗျာ က လေး တွင် "" နေ ဝင် မောင် ငိုက် လ မိုက် မယ် ငုံ "" ဆို သော အပိုဒ် က လေး ကို ဖတ် ပြီး လျှင် ဆင်ခြင် တွေးတော ၍ ကြည့် မည် ဆို လျှင် မည် မျှ လေးနက် သော အပိုဒ် က လေး ဖြစ် ကြောင်း ကို သိ နိုင် လေ သည် ။ ဤ စကား ရှစ် လုံး တွင် သွင်း ၍ ထား သော အကြောင်းအရာ စိတ်ကူး မှာ နည်း သည် မ ဟုတ် ပေ ။"	G11	Upper Secondary
ခေတ် စမ်း က ဗျာ	ဤ အကြောင်းအရာ ဤ စိတ်ကူး ကို ဤ ထက် တို အောင် ချုံး ၍ ရ တော့ မည် မ ဟုတ် ပေ ။ ဤ အဓိပ္ပာယ် လည်း ပါ လေ အောင် ဤ ထက် လည်း တို အောင် မည် သည့် နည်း နှင့် မျှ ပြုပြင် ၍ ရ တော့ မည် မ ဟုတ် ပေ ။ သိ ကြား မင်း များ ပြင် လျှင် ကား ပြင် နိုင် ပေ လိမ့် မ လား မ ပြော တတ် ။ သာမန် လူ တို့ ကား ပြင် နိုင် မည် မ ထင် ။ အထက် တွင် ဖော်ပြ ထား သော စကား ရှစ် လုံး အနက် တစ် လုံး လုံး ကို နုတ်ယူ ၍ လည်း မ ရ ။ ပို ပြီး ထည့် ၍ လည်း မ ဖြစ် ပေ ။ စကား တစ် လုံး ကို ပြင် လိုက် သည် နှင့် တစ်ပြိုင်နက် အဓိပ္ပာယ် ပျက် ၍ သွား မည် ကား မုချ ပင် ဖြစ် တော့ သည် ။ ဤ စကား ရှစ် လုံး တွင် ပါ သော အဓိပ္ပာယ် တို့ ကား မည် မျှ ကျယ်ဝန်း ပါ သနည်း ။ အကယ်၍ စကားပြေ ပြင် ရေး မည် ဆို လျှင် အတော် ရှည်ရှည် က လေး ရေး မှ သာ ပေါ်လွင် နိုင် ပေ လိမ့် မည် ။ ဤ သို့ အဓိပ္ပာယ် အကျယ် ကို စကားလုံး နည်းနည်း နှင့် ဖွဲ့ ဆို နိုင် ခြင်း သည် လည်း က ဗျာ ဆရာ တို့ ၏ သတ္တိ ထူး ပင် ဖြစ် တော့ ၏ ။	G11	Upper Secondary
ခေတ် စမ်း က ဗျာ	ညဉ့် ၌ ကုမုဒြာကြာ ပွင့် သောအခါ လိပ်ပြာ က မ ထွက် ၊ အိပ်ပျော် နေ ။ နေ့ ဘက် တွင် လိပ်ပြာ ထွက် သောအခါ ကုမုဒြာကြာ က ငုံ နေ သည် ဆို သော အဓိပ္ပာယ် ကို စကား ရှစ် လုံး တည်း နှင့် ပေါ်လွင် အောင် ဖွဲ့ ဆို ထား ခြင်း မှာ မည် မျှ ကောင်း ပါ သနည်း ။ ၎င်း စကား က လေး တို့ မှာ လည်း လွယ်လွယ် နေ့စဉ် သုံး နေ ကျ စကား များ သာ ဖြစ် လေ သည် ။ ပါဠိ မ ဟုတ် ၊ ပေါရာဏ လည်း မ ပါ ။ လွယ်လွယ် နှင့် အဓိပ္ပာယ် လေးနက် ပေ ၏ ။ ၎င်း စကား ရှစ် လုံး ကို တစ် ခု စီ ခွဲ ထုတ် လိုက် သော် လွယ်လွယ် က လေး များ တည်း ။ အသုံး များ စွာ မ ဝင် လှ ။ က ဗျာ တွင် လက် သုံး ထား လေ့ ရှိ သော မယ် လျ ၊ သက် ထား ၊ မြ သွေး စ သော ခမ်းနား သည့် စကား မျိုး မ ဟုတ် ။ ထမင်းစားရေသောက် စကား မျိုး ဖြစ် လေ သည် ။	G11	Upper Secondary
ခေတ် စမ်း က ဗျာ	ဤ စကား လေး များ ကို ပင် နေ ရာ တ ကျ စပ် ဆို လိုက် သောအခါ ခမ်းနား ၍ အဓိပ္ပာယ် လေးနက် သော လင်္ကာ က လေး ဖြစ် ၍ လာ တော့ သည် ။ သို့သော် ရှေးရိုး မျက်စိ နှင့် ကြည့် မည် ဆို သော် နေ ကို လည်း ဖွဲ့နွဲ့ တန်ဆာဆင် ခြင်း မ ရှိ ။ နေ ဝင် ပုံ ကို လည်း ဖွဲ့နွဲ့ တန်ဆာ ခြင်း မ ရှိ ။ လ ကို လည်း ဖွဲ့နွဲ့ တန်ဆာဆင် ခြင်း မ ရှိ သော ကြောင့် သေးနုပ် သော အဖွဲ့ ဖြစ် သည် ဟု ဆို စရာ အကြောင်း ရှိ လေ သည် ။ သို့ ဖြစ် သော ကြောင့် ခေတ် စမ်း က ဗျာ ကို ရှေးရိုး မျက်စိ နှင့် ကြည့် ၍ မ ရ ၊ ရှေးရိုး က ဗျာ ကို ခေတ် စမ်း မျက်စိ နှင့် ကြည့် ၍ မ ရ ဖြစ် လေ သည် ။ သိပ္ပံ ကျောင်းသား မောင်မြသွင်	G11	Upper Secondary
လေ့ကျင့်ခန်း	၁ ။ စာ ရေး သူ သည် လိပ်ပြာ နှင့် ကြာ ကု မုဒ် က ဗျာ ကို မည် သည့် ရည်ရွယ် ချက် ဖြင့် ဝေဖန် ခဲ့ ပါ သနည်း ။	G11	Upper Secondary
လေ့ကျင့်ခန်း	၂ ။ “ နေ ဝင် မောင် ငိုက် လ မိုက် မယ် ငုံ ” ဆို သည့် က ဗျာ စာ သား ၏ အဓိပ္ပာယ် ကို သင် မည် သို့ နားလည် သနည်း ။	G11	Upper Secondary
လေ့ကျင့်ခန်း	၃ ။ ခေတ် စမ်း က ဗျာ ၏ ထူးခြား ချက် များ ကို စာ ရေး သူ က မည် ကဲ့သို့ အကဲခတ် ထား သနည်း ။	G11	Upper Secondary
လေ့ကျင့်ခန်း	၄ ။ စာ ရေး သူ က မ ခင်စောမူ ကို ခေတ် စမ်း က ဗျာ စာ ဆို ဟု အဘယ် ကြောင့် သတ်မှတ် သနည်း ။	G11	Upper Secondary
လေ့ကျင့်ခန်း	၅ ။ သင် လေ့လာ ခဲ့ ဖူး သည့် ခေတ် စမ်း က ဗျာ တစ် ပုဒ် ကို ဖော်ပြ ပြီး သင် နားလည် သလို ဆွေးနွေး ပါ ။	G11	Upper Secondary
လေ့ကျင့်ခန်း	၆ ။ အောက် ပါ စကားလုံး တို့ ကို အနက် အဓိပ္ပာယ် နှင့် ပြည့်စုံ သော ဝါကျ ဖွဲ့ ပါ ။ ကုမုဒြာကြာ ၊ ရှေးရိုး မျက်စိ ၊ နေ ရာ တ ကျ ၊ ဖွဲ့နွဲ့ တန်ဆာဆင် ခြင်း ၊ ခေတ် စမ်း က ဗျာ ၊	G11	Upper Secondary
မိုးညို နှင့် ဂျီ ဗိုလ်	မြန်မာ ပြည် ၏ လူ များ စု ဖြစ် ကြ သော တောင် သူ လယ်သမား များ သည် ယခု လို နတ် တော် ပြာသို လ များ မှာ ကောက်ရိတ် ကြ ကောက်လှိုင်းစည်း ကြ ၊ ကောက် လှိုင်း တိုက် ကြ နှင့် အိမ် မှာ ၊ တဲ မှာ လူ မ မယ် က လေး တွေ နှင့် က လေး ထိန်း လောက် သာ ကျန် ခဲ့ ပါ တော့ သည် ။ က လေး မ ရှိ သော အိမ် များ မှ ဆို လျှင် အိမ် ရှိ လူ ကုန် လယ်ကွင်း ထဲ ရောက် နေ ကြ ပါ သည် ။ လူ ကြီး တွေ က အလုပ် လုပ် နေ ကြ သည့် အခါ အရွယ် မ ရောက် တ ရောက် က လေး တွေ က ကောက်သင်းကောက် ကြ ရ ပါ သည် ။ တပို့တွဲ လ ထဲ ရောက် ပြီ ဆို လျှင် လည်း ကောက် ပြန့် ကြ ၊ စပါး နယ် ကြ ၊ ကောက် ပေါက် ကြ ၊ ကောက်ရိုး ပစ် ကြ နှင့် ညဥ့်နက် သန်းခေါင် တိုင် အောင် ပင် ဖြစ် ၏ ။ ပြာသို တပို့တွဲ လ များ တွင် အအေးဓာတ် က လည်း စဲ သေး သည် မ ဟုတ် ။ ထို့ကြောင့် လေ တဟူးဟူး တိုက်ခတ် နေ သည့် ကွင်းပြင် ထဲ တွင် ညဉ့် ဘက် အလုပ် လုပ် ရ သည် မှာ တော်တော် က လေး အေး သည် ။ မည် သို့ ပင် အေးအေး တောင် သူ လယ်သမား တွေ သည် တေး တကြော်ကြော် နှင့် ပျော် လို့ ရွှင် လို့ သာ နေ ကြ ပါ သည် ။	G11	Upper Secondary
မိုးညို နှင့် ဂျီ ဗိုလ်	ပ တုပ် ရွာ မှ လယ်သမား ကြီး ကို စော မောင် နှင့် မ အေးမြ တို့ သည် ည ဘက် က လေး တွေ အိပ် ကုန် ကြ သောအခါ တဲ ရှေ့ ရှိ တလင်း ထဲ သို့ ထွက် လာ ကြ ပါ သည် ။ သား အကြီး နှစ် ယောက် ဖြစ် သည့် ရွှေ ရ နှင့် ငွေ ရ တို့ မှာ သူ တို့ ပိုင် သည့် ကျွဲ ၊ နွား ခွာ ကြီး ခွာ ငယ် ဟူသမျှ နှင့် သီး ထောင် ဖွပ် နေ ကြ ပါ သည် ။ ကို စော မောင် တို့ ဇနီးမောင်နှံ သည် ကောက် ဆိုင် ပုံ ဘေး လေ ကွယ် ရာ တွင် ထိုင် ကြ ပြီး နွေ ဘက် တပေါင်း လဆန်း လောက် တွင် သူ တို့ ၏ သား သုံး ယောက် ကို ရှင် ပြု မည့် ကိစ္စ ကို ဆွေးနွေး တိုင်ပင် နေ ကြ ပါ သည် ။ သူ တို့ အလှူ တွင် ဘုန်းကြီး ဘယ်နှ ပါး ပင့် မည် ။ ဘာ ကျွေး မည် ၊ ဘယ် ဆိုင်း ကို ငှား မည် ဆို တာ များ အပြင် ကွန် က လ ရွာ မှ ကျွဲခတ် ပွဲ နှင့် ပ ဒတ် ထိုင်း ရွာ မှ ပတ် ခြောက် ဝိုင်း ကို ဖိတ် မည် စ သည် တို့ ဖြစ် ၏ ။ အိုးစည်ဝိုင်း ဒိုးပတ်ဝိုင်း ဆို သည် မှာ ရွာ တိုင်း မှာ ရှိ နေ ပြီ ဖြစ် သည့် အတွက် ရိုး နေ ပြီ ဟု ကို စော မောင် အယူ ရှိ ၏ ။ မ နှစ် က ကျူတော ဝ ရွာ အလှူ တစ် ခု တွင် သူ တွေ့ ခဲ့ သော ကျွဲခတ် ပွဲ နှင့် ပတ် ခြောက် ဝိုင်း ကို ကို စော မောင် အတော် သဘောကျ လာ ဟန် တူ ပါ သည် ။	G11	Upper Secondary
မိုးညို နှင့် ဂျီ ဗိုလ်	ကျွဲခတ် ပွဲ နှင့် ပတ် ခြောက် ဝိုင်း ဆို သည် တို့ မှာ နောက် မှ ပေါ် သော ရွှေကြာပင် များ မ ဟုတ် ပါ ။ ဟို ရှေး အခါ က အလှူ တို့ ဘုန်းကြီးပျံ တို့ မှာ ဆို လျှင် ဒီ ကျွဲခတ် ပွဲ နှင့် ပတ် ခြောက် ဝိုင်း မ ပါ လျှင် ပွဲ မ စည် သလောက် ပင် ဖြစ် ၏ ။ ယခု အခါ တွင် မူ ဤ မြန်မာ မှု က လေး များ သည် ပျောက်ကွယ် ရ တော့ မည့် အခြေ သို့ ရောက် နေ ပါ ပြီ ။ ထို့ကြောင့် မီး စာ ကုန် ဆီ ခန်း ဖြစ် တော့ မည့် ဆဲ ဆဲ မြန်မာ မှု က လေး နှစ် ရပ် အနက် မှ ကျွဲခတ် ပွဲ အကြောင်း ကို ပြန်လည် ဖော်ထုတ် လို ပါ သည် ။	G11	Upper Secondary
မိုးညို နှင့် ဂျီ ဗိုလ်	ကျွဲခတ် ပွဲ ဆို သည် မှာ ဝါးနှီး ဖြင့် ကျွဲ ပုံ ခြင်း ရက် ထား ပြီး မိန်းမ များ အထက် ဆင့် လုပ် လေ့ ရှိ သော ပိတ် အနက် ဖြင့် အုပ် ထား သည့် ကျွဲ နှစ် ကောင် ခတ် ကြ သော ပွဲ ဖြစ် ပါ သည် ။ လည်တံ နှင့် ခေါင်း တို့ တွင် လှည့် ၍ ရ အောင် အတွင်း ဘက် မှ ဒ လက် တပ် ထား ရ ပါ သည် ။ ကျွဲ ပုံ ဆို သော်လည်း ပေါင် ရင်း အထက် ပိုင်း သာ ပါ ပါ သည် ။ ဤ ကျွဲ ထဲ သို့ ဘောင်းဘီရှည် အနက် ဝတ် ထား သော လူ နှစ် ယောက် မှာ ရှေ့ ပိုင်း တွင် တစ် ယောက် နောက်ပိုင်း တွင် တစ် ယောက် ဝင် နေ ရ ပါ သည် ။ ကျွဲ ထဲ မှ လူ နှစ် ယောက် သည် သဘာဝကျကျ လှမ်း ရ ပြေး ရ ခတ် ရ ပါ သည် ။ ရှေ့ ပိုင်း က ကျုံး ခတ် နေ သောအခါ မှာ နောက်ပိုင်း လူ က နောက်ပိုင်း ကို မြှောက် ထား ပေး ရ ပါ သည် ။ ရှေ့ ပိုင်း က လှမ်း မျှော် ကြည့် သည့် အခါ မျိုး လည် ထောင် လိုက် လျှင် နောက်ပိုင်း လူ က ခပ် နိမ့်နိမ့် လုပ် ထား ရ ပါ သည် ။ ဤ အလုပ် သည် မ လွယ်ကူ ပါ ။ ကျွဲ သည် လူ လို လမ်းလျှောက် နေ ၍ သဘာဝ ကျ မည် မ ဟုတ် ပါ ။ ကျွဲ နှင့် တူ အောင် သဘာဝကျကျ လှမ်း လိုက် ပြေး လိုက် ခတ် လိုက် သောအခါ မှာ ဝါး ခြင်း ထဲ လူ ဝင် လုပ် နေ တာ သိ လျက် နှင့် ဝိုင်း ပြီး အားပေး ကြ သည့် လက်ခုပ်သံ အော်ဟစ်သံ များ မှာ ဆူညံ သွား တတ် ပါ သည် ။	G11	Upper Secondary
မိုးညို နှင့် ဂျီ ဗိုလ်	"ကျွဲ နှစ် ကောင် ခတ် ကြ သောအခါ ကျွဲ ချင်း မှား မည် စိုး ၍ ဘေး တစ် ဖက် တစ် ချက် ၌ မိုးညို ၊ ဂျီ ဗိုလ် စ သည် ဖြင့် နာမည် တွေ ကို ဆေး ဖြူ နှင့် ရေး ထား ရ ပါ သည် ။ ဝိုင်း အားပေး ကြ သော လူ တွေ က လည်း မိုးညို ကွ ဂျီ ဗိုလ် ကွ ဟု နာမည် အော် အော် ပြီး အားပေး လေ့ ရှိ ပါ သည် ။ ကျွဲခတ် ပွဲ တွင် ကျွဲ စွဲ "" နှစ် ယောက် လည်း ပါ ပါ သေး သည် ။ ကျွဲ စွဲ များ သည် ကျွဲခတ် ပွဲ ၏ လူပြက် များ ဖြစ် ကြ ၏ ။ သူ တို့ ကျွဲ က များ အခြား ကျွဲ ၏ လည်ပင်း ကို ချို နှင့် ပင့် တင် ထား လိုက် လျှင် ဘ သား ချော ကျွဲ စွဲ က ရှေ့ ကျွမ်း နောက် ကျွမ်းပစ် ပစ် ထိုး လိုက် သည် ။ နောက် ပြီး သူ့ ကျွဲ နား မှာ ကပ် ကပ် ပြီး “ ဒီ တစ် ချီ အနိုင် ကြဲ လိုက် စမ်း ပါ သား ကြီး ရာ ၊ နိုင် ရင် လေ မင်း ကို မြောက် ပိုင်း က ဂါး မ လေး ပေး စား မယ် ကွ ” ဟု ပြော ရ သည် မှာ လည်း အမော ပင် ။ ပွဲ ကြည့် ပရိသတ် သည် ကျွဲ နှစ် ကောင် ခေါင်းချင်းဆိုင် ခတ် သည့် အခါ အသည်း တထိတ်ထိတ် ရင် တဖိုဖို နေ ကြ ရ သော်လည်း အခု လို ကျွဲ စွဲ တွေ က ပြက်လုံး ထုတ် လိုက် ပြန် သောအခါ တဝါးဝါး နှင့် ပွဲ ကျ နေ ကြ ပါ သည် ။"	G11	Upper Secondary
မိုးညို နှင့် ဂျီ ဗိုလ်	ကျွဲ စွဲ တွေ က ကျွဲ နှစ် ကောင် ကို ခေါင်းချင်းဆိုင် ပေး လိုက် ပေ မဲ့ ရုတ်တရက် ချက်ချင်း ခတ် ကြ သေး သည် မ ဟုတ် ပါ ။ နွား မှာ မူ ခေါင်းချင်းဆိုင် ပေး လျှင် တအား ကျုံး ဝှေ့ သည် ။ ကျွဲ မှာ မူ ကား ခပ်ခွာခွာ က နေ ပြီး တစ် ကောင် နှင့် တစ် ကောင် စောင် ရင်း နေ ကြ ပါ သည် ။ ဤ ကဲ့သို့ စောင် နေ ကြ ဟန် ကို ကျွဲ ထဲ ဝင် နေ သော ရှေ့ ပိုင်း လူ က လုပ် ရ ပါ သည် ။ လူ တွေ လက်ဝှေ့ ထိုး သည့် အခါ မှာ ချက် ကောင်း ကို ချိန် နေ တာ မျိုး နှင့် ဆင်ဆင်တူ ၏ ။ ကျွဲ စောင် နေ ဟန် ကို လည်တံ ကြီး တဆန့်ဆန့် အား တပြင်ပြင် လုပ် နေ လိုက် သည် များ မှာ .. တကယ့် သက်ရှိ ကျွဲ နှင့် ဘာ မှ မ ခြား ပေ ။ နောက် ပြီး တစ် ကောင် နှင့် တစ် ကောင် ခေါင်းချင်းဆိုင် တိုက် လိုက် သည့် အခါ အရှိန်ပြင်း လွန်း ၍ နောက်ဆုတ် ဖင် ထိုင် ကျ သွား ဟန် လုပ် ပြ သည် မှာ လည်း အတော် သဘာဝ ကျ ပါ သည် ။	G11	Upper Secondary
မိုးညို နှင့် ဂျီ ဗိုလ်	စာ ရေး သူ တို့ ငယ်စဉ် က ကြည့် ခဲ့ ရ သော ကျွဲခတ် ပွဲ မှာ ကျွဲ နှစ် ကောင် နှင့် ကျွဲ စွဲ နှစ် ယောက် သာ ပါ သည် ။ နောင် သောအခါ ကျွဲခတ် ပွဲ တွင် ဒိုင် လုပ် သည့် သူ ၊ လက် ရင်း လက်ဖျား လောင်း က စား ကြ သည့် လူ တွေ ၊ အလောင်းအစား ဝါသနာ ကြီး သော ယောက်ျား နှင့် ပိုက်ဆံ နှမြော သော မိန်းမ ၊ ငွေချေး သည့် ချစ် တီး ကုလား ၊ ကျွဲ ပွဲ ဖမ်း သည့် ရဲ သား ၊ ဤ သည် တို့ နှင့် ဇာတ်ကွက် ဆင် လာ ပါ သည် ။	G11	Upper Secondary
မိုးညို နှင့် ဂျီ ဗိုလ်	ကျွဲ ပွဲ လောင်း ရန် ပိုက်ဆံ မ ရှိ သဖြင့် ချစ် တီး ကုလား ထံ ငွေ သွား ချေး သောအခါ ချစ် တီး ကုလား က အပေါင် မ ထား လျှင် ငွေ မ ချေး နိုင် ဟု ပြော ၍ ငွေ တစ် ထောင် လောက် ချေး ယူ တာ ကို သူ့ မှာ ရှိ သော လယ် တွေ အကုန် အပေါင် ထား ခဲ့ ရ တာ တွေ ၊ ကုလား က ဗမာ စကား မပီကလာပီကလာ ပြော တာ တွေ ကို ရယ် စရာ ဖြစ် အောင် ဇာတ်ကွက် ဆင် ထား ပါ သည် ။ ထို့နောက် ကျွဲ ပွဲ စ ခါ နီး တွင် ယောက်ျား က အကုန် လောင်း မယ် ၊ မိန်းမ က အကုန် မ လောင်း ဖို့ ဆွဲ ၊ ဤ ကဲ့သို့ ဆွဲ ၍ ပုဆိုး ကျွတ် ကျ ရ သည့် အဖြစ် မှာ လည်း လူ အများ တဝါးဝါး နှင့် ရယ် စရာ ဖြစ် နေ ပါ သည် ။	G11	Upper Secondary
မိုးညို နှင့် ဂျီ ဗိုလ်	နောက်ဆုံး ကျွဲခတ် ပွဲ သိမ်း ခါ နီး တွင် ကျွဲ စွဲ တွေ က ဝိုင်း ကြည့် နေ သော လူ အချို့ ကို ဖယ်ရှား လမ်း ရှင်း ထား ရ ပါ သည် ။ ကျွဲ နှစ် ကောင် သည် ခေါင်း ချင်း ဆောင့် ရင်း ချို နှင့် ရမ်း ရင်း လုပ် နေ ရာ က အရှုံး ပေး ရ မည့် ကျွဲ သည် ပြေး လမ်း ကို ငဲ့စောင်း ငဲ့စောင်း ကြည့် ပြီး လစ် တာ နဲ့ တစ် ချက် တည်း ကဆုန်ချ ပြေး နိုင် သည့် ကျွဲ က နောက် က ထက်ကြပ် မ ကွာ ကဆုန်ချ လိုက် ရင်း နှင့် ကျွဲခတ် ပွဲ ကို သိမ်း လေ့ ရှိ ပါ သည် ။	G11	Upper Secondary
မိုးညို နှင့် ဂျီ ဗိုလ်	ကျွဲခတ် ပွဲ ကို စီစဉ် သော လူ များ သည် တောင် သူ လယ်သမား ကြီး များ ဖြစ် ကြ ပါ ၏ ။ တောင် သူ လယ်သမား ကြီး တွေ ဖြစ် သော်လည်း သူ တို့ ဆင် လိုက် သည့် ဇာတ်ကွက် သည် ဘဝ နှင့် လည်း ဟပ် မိ သည် ။ သင်ခန်းစာ လည်း အပြည့် ပါ သည် ။ ပျော်ရွှင် မှု လည်း ဖြစ် ပါ သည် ။ မြန်မာ မှု လည်း ပီသ မှု ရှိ သည် ကို တွေ့ ရ ပါ သည် ။ အလောင်းအစား ဝါသနာ ပါ သော ယောက်ျား ကြီး သည် လောင်း က စား မှု ကောင်းကျိုး မ ပေး သည့် အတွက် အကြွေး လည်ပင်း ဆိုက် နောက်ဆုံး သူ ပိုင် သော လယ် များ ကို ချစ် တီး အသိမ်းခံ ရ ၊ ကျွဲ ပွဲ ကို လည်း ရဲ က ဖမ်း ချုပ် ၍ အချုပ် စခန်း ရောက် ကြ ရ သည် ဆို သည် တို့ မှာ သင်ခန်းစာ များ ပင် ဖြစ် ပါ သည် ။	G11	Upper Secondary
မိုးညို နှင့် ဂျီ ဗိုလ်	တောင် သူ လယ်သမား ဆို သည် မှာ သူ တို့ နှင့် နီးနီးကပ်ကပ် နေ ရ သော ကျွဲ တွေ နွား တွေ လယ် တွေ ယာ တွေ ကို ခင်မင် တွယ် တာ ကြ မည် မှာ အမှန် ပင် ဖြစ် ၏ ။ ထို့ကြောင့် သူ တို့ ၏ ပျော်ရွှင် မှု ကို သူ တို့ ဘာ သာ ဖန်တီး ယူ သည့် မြန်မာ မှု က လေး မှာ သည် ကျွဲ တွေ သည် နွား တွေ သာ အဓိက ဇာတ်ကောင် တွေ ၊ သည် လယ် တွေ သည် ယာ တွေ သာ အဓိက ရှုခင်း မြင်ကွင်း တွေ ဖြစ် ကြ ရ ပါ သည် ။ ထို့ကြောင့် သူ တို့ ခင်မင် တွယ် တာ သော ကျွဲ တွေ နှင့် သူ တို့ ဘာ သာ သူ တို့ ပျော်ရွှင် မှု ကို ဖန်တီး ထား သည့် ကျွဲခတ် ပွဲ သည် ဘဝ နှင့် လည်း ဟပ် မိ ၊ သဘာဝ လည်း ကျ ၊ သင်ခန်းစာ လည်း ရ ၊ မြန်မာ မှု လည်း ပီသ သည့် အကြောင်း ကို ရေး သား တင်ပြ လိုက် ရ ခြင်း ဖြစ် ပေ သတည်း ။ ဦး တင် လှ	G11	Upper Secondary
မိုးညို နှင့် ဂျီ ဗိုလ်	၁ ။ ကောက်နှံ များ ကို ခေါင်းချင်းဆိုင် ၍ ပုံ ထား ပြီး ကျွဲ ၊ နွား များ ကို အတွဲ လိုက် နင်း စေ ကာ စပါးနှံ များ ကို ခြေချ သည် ။	G11	Upper Secondary
မိုးညို နှင့် ဂျီ ဗိုလ်	၂ ။ ကောက်နှံ ချင်း ဆိုင် ၍ စပ် ထား သော ကောက် လှိုင်း ။	G11	Upper Secondary
မိုးညို နှင့် ဂျီ ဗိုလ်	၃ ။ တူရိယာ မ ပါ ဘဲ နှုတ် ဖြင့် တူရိယာ တီးမှုတ် ဟန် ပြ ခြင်း ။	G11	Upper Secondary
မိုးညို နှင့် ဂျီ ဗိုလ်	၄ ။ ကျွဲ တစ် ကောင်စီ အား ထိန်းကျောင်း ဦးဆောင် ဟန် ပြ သူ ။	G11	Upper Secondary
လေ့ကျင့်ခန်း	၁ ။ ကျွဲခတ် ပွဲ မြန်မာ မှု ဆောင်းပါး ကို ရေး ရ ခြင်း ၏ ရည်ရွယ် ချက် ကို စာ ရေး သူ က မည် သို့ ဖော်ပြ ထား သနည်း ။	G11	Upper Secondary
လေ့ကျင့်ခန်း	၂ ။ လယ်သမား တို့ က ကျွဲခတ် ပွဲ ကို မည် သို့ တီထွင် တင် ဆက် ထား ပါ သနည်း ။	G11	Upper Secondary
လေ့ကျင့်ခန်း	၃ ။ ကျွဲခတ် ပွဲ တွင် ပါ ဝင် သူ များ က မည် သို့ သရုပ်ဆောင် ၍ မည် သို့ ဖျော်ဖြေ ကြ သနည်း ။	G11	Upper Secondary
လေ့ကျင့်ခန်း	၄ ။ ကျွဲခတ် ပွဲ ကို အရင်းခံ ပြီး မည် သည့် ဇာတ်လမ်း ဇာတ်ကွက် များ ထည့်သွင်း လာ သနည်း ။	G11	Upper Secondary
လေ့ကျင့်ခန်း	၅ ။ “ လောင်း က စား သည် ကောင်းကျိုး မ ပေး ” ဟူ သည့် အဆို အပေါ် သင့် အမြင် ကို ဖော်ပြ ပါ ။	G11	Upper Secondary
လေ့ကျင့်ခန်း	၆ ။ အောက် ပါ စကားလုံး တို့ ကို အနက် အဓိပ္ပာယ် နှင့် ပြည့်စုံ သော ဝါကျ ဖွဲ့ ပါ ။ မြန်မာ မှု ၊ ရှုခင်း မြင်ကွင်း ၊ ခင်မင် တွယ် တာ ၊ ထပ်ကြပ်မကွာ ၊ ပတ် ခြောက် ဝိုင်း ၊	G11	Upper Secondary
ဆည်မြောင်း ပညာ နှင့် ရှေးခေတ် မြန်မာ	စပါး သည် မြန်မာ နိုင်ငံ အပါအဝင် အရှေ့တောင် အာရှ တွင် စတင် ပေါ် လာ သော သီးနှံ ဖြစ် သည် ။ စပါး ကို လယ်ကွက် ထဲ တွင် ကန် သင်း ဖြင့် ရေလှောင် ၍ ပျိုးပင် ကို ပြန် စိုက် သော နည်း ဖြင့် စိုက်ပျိုး ခြင်း အတတ် ကို ခရစ် မ ပေါ် မီ နှစ် ၂ဝဝဝ ခန့် က ဗီယက်နမ် နိုင်ငံ မြစ် နီ မြစ်ဝှမ်း မှ စ ၍ မဲခေါင် မြစ်ဝှမ်း ၊ မဲ နန် မြစ်ဝှမ်း ၊ ဧရာဝတီ မြစ်ဝှမ်း ၊ ဂင်္ဂါ မြစ်ဝှမ်း များ သို့ တိုင် ပျံ့နှံ့ သွား သည် ဟု ဆို ကြ ပါ သည် ။ မြန်မာ နိုင်ငံ တွင် စပါး စိုက်ပျိုး မှု အတတ် သည် အရှေ့တောင် အာရှ နှင့် ခေတ်ပြိုင် ကျောက် ချော ခေတ် နှောင်း ကာလ မှ စ ၍ ရှိ ခဲ့ ပြီး ထို ခေတ် မှ အစဉ်အဆက် ဖြစ် သော ပျူ တို့ ၏ ခေတ် များ တွင် စပါး ကို ကောင်း စွာ စိုက်ပျိုး တတ် နေ ပြီ ဖြစ် ပါ သည် ။	G11	Upper Secondary
ဆည်မြောင်း ပညာ နှင့် ရှေးခေတ် မြန်မာ	အေ ဒီ ၃ ရာ စု မှ ၈ ရာ စု အတွင်း ပျူ မြို့ ပြ နိုင်ငံ အဖြစ် အခြေချ နေ ထိုင် ခဲ့ ကြ သော မိုင်းမော ပျူ လူမျိုး တို့ သည် မြစ် သား လွင်ပြင် ” အတွင်း ၌ အရှေ့တောင် မှ အနောက်မြောက် အတိုင်း သဘာဝ အလျောက် စီးဆင်း လျက် ရှိ နေ သော ပန်း လောင် မြစ် ကို မှီ ၍ ရေ သွယ် တူးမြောင်း စနစ် ဖြင့် စပါး စ သည့် သီးနှံ များ စိုက်ပျိုး လုပ်ကိုင် ခဲ့ ကြ ပေ မည် ။ ထို က မှ ဘုန်းလက်ရုံး အင်အား ကြီးမား သော အနော်ရထာ ဘုရင် လက်ထက် ပုဂံ ခေတ် တွင် ပိုမို စနစ် ကျ သည့် ဆည်မြောင်း အတတ်ပညာ ' ဖြင့် ဤ လယ် တွင်း နယ် ရှိ ဆည်မြောင်း လယ် ရေ သောက် စနစ် ကို တိုးချဲ့ တည်ဆောက် ခဲ့ ခြင်း ဖြစ် မည် ဟု ယူဆ ရ ပေ သည် ။	G11	Upper Secondary
ဆည်မြောင်း ပညာ နှင့် ရှေးခေတ် မြန်မာ	မြန်မာ တစ် နိုင်ငံ လုံး အင်္ဂလိပ် ကို လို နီ လက်အောက်ခံ အဖြစ် ၁၈၈၅ ခု နှစ် တွင် သိမ်းပိုက် ခံ ရ ပြီး နောက် မြန်မာ နိုင်ငံ အတွင်း မှ ဆည်မြောင်း ချောင်း ကန် များ ပြန်လည် ပြင်ဆင် တည်ဆောက် ရန် အစီအစဉ် ဖြင့် မန္တလေး မြို့တော် နှင့် မ ဝေး သော တောင် ဘက် လယ် တွင်း ကိုး ခရိုင် ကျောက်ဆည် နယ် အတွင်း သို့ အင်္ဂလိပ် အစိုးရ သည် အင်ဂျင်နီယာ ဆည်မြောင်း အတတ်ပညာရှင် များ ကို စေလွှတ် ၍ လေ့လာ သုတေသန ပြု ခဲ့ ကြ သည် ။	G11	Upper Secondary
ဆည်မြောင်း ပညာ နှင့် ရှေးခေတ် မြန်မာ	ထို သို့ လေ့လာ ကြ ရာ ၌ ရှေး မြန်မာ တို့ တည်ဆောက် ထား သော ဆည်မြောင်း များ ကို မ လိုအပ် လျှင် ဖြိုဖျက် ပစ် ၍ ခေတ်မီ နည်းစနစ် ကျ သော ဆည်မြောင်း များ ကို အစားထိုး တည်ဆောက် ရန် ရည်ရွယ် ခဲ့ ကြ သည် ။ သို့ ရာ တွင် ရှေးခေတ် က မြန်မာ တို့ တည်ဆောက် ခဲ့ ကြ သော ဆည်မြောင်း များ သည် ဆည် တည် နေ ရာ နှင့် နေ ရာ ရွေးချယ် ပုံ မှန်ကန် ခြင်း ၊ ဆည်မြောင်း အတတ်ပညာ ဖြင့် တည်ဆောက် ထား ခြင်း တို့ ကို မ မျှော်လင့် ဘဲ တွေ့ ကြ ရ ၍ တအံ့တဩ ချီးကျူး မှတ်တမ်းတင် ခဲ့ ကြ လေ သည် ။	G11	Upper Secondary
ဆည်မြောင်း ပညာ နှင့် ရှေးခေတ် မြန်မာ	ရှေး မြန်မာ တို့ ဆည်မြောင်း တည်ဆောက် မှု အတတ်ပညာ နှင့် စပ်လျဉ်း ၍ မ ကွယ် မ ဝှက် အလေးအနက် ပြု ၍ ပွင့်ပွင့်လင်းလင်း ချီးကျူး ရေး ထား သော ပထမဆုံး ဖော်ပြ လို သည့် ပုဂ္ဂိုလ် မှာ အင်္ဂလိပ် လူမျိုး ပညာရှင် တစ် ဦး ဖြစ် သူ ဂျေ ၊ အမ် ၊ ဘီ စ တု အတ် ဖြစ် သည် ။ သူ ၏ ရှေး မြန်မာ တို့ ဆည်မြောင်း လုပ်ငန်း များ စာတမ်း စာမျက်နှာ ( ၁၅ ) တွင် - ဆည်မြောင်း တည်ဆောက် မှု အတတ်ပညာ တွင် လယ် တွင်း ကိုး ခရိုင် ( ကျောက်ဆည် ခရိုင် ) သည် အထွတ်အထိပ် သို့ ရောက် နေ ဟန် တူ သည် ။ ထို နယ်မြေ အတွင်း တွေ့ ရ သည့် ဆည် များ နှင့် တူးမြောင်း များ ၏ ပုံစံ တည်ဆောက် မှု တို့ ကို လေ့လာ ကြည့် ခြင်း အား ဖြင့် ရှေး မြန်မာ တို့ သည် ဆည်မြောင်း တည်ဆောက် မှု အတတ်ပညာ အလွန် အဆင့်အတန်း မြင့်မား စွာ တတ် မြောက် နေ ပြီ ဖြစ် ကြောင်း တွေ့ ရ သည် ။ ဆည်မြောင်း ဌာန က ကျောက်ဆည် နယ် ရှိ ဆည်မြောင်း များ ကို ပြန်လည် ပြုပြင် တည်ဆောက် သည့် အခါ ၌ မည် သည့် ဆည် ကို မျှ နေ ရာ ရွှေ့ ၍ မ တည်ဆောက် ခဲ့ ရ ခြင်း ကို ကြည့် လျှင် ရှေး မြန်မာ တို့ သည် ဆည် နေ ရာ ရွေးချယ် မှု တွင် အမှားအယွင်း မ ရှိ ခဲ့ ကြောင်း ကို သက်သေ ပြ ရာ ရောက် သည် ။	G11	Upper Secondary
ဆည်မြောင်း ပညာ နှင့် ရှေးခေတ် မြန်မာ	ဆည်မြောင်း နည်း တူ ပင် တူးမြောင်း အချို့ ပြန်လည် ပြုပြင် ရာ ၌ လည်း မူလ ရှိ ရင်း စွဲ တူးမြောင်း ကို “ ဖြောင့် ” လိုက် ရ သည် မှ လွဲ ၍ မူလ သွယ်တန်း ပုံ ကို ပြင်ဆင် ခဲ့ ရ ခြင်း မျိုး မ ရှိ ခဲ့ ပေ ။ ရှေး မြန်မာ တို့ သည် ပြဒါး မျက်နှာပြင် မှန် ချိန် သဘောတရား ကို သိ ရှိ ဟန် မ တူ သော်လည်း ကြေး ချိန် အတတ်ပညာ ကို တတ် မြောက် ကြ သည် ။ ယင်း ကြေး ချိန် အတတ်ပညာ ကြောင့် လိုအပ် သည့် ရေ မျက်နှာပြင် အနိမ့် အမြင့် ကို တွက်ချက် နိုင် သည့် အတွက် ရေ စီး ရန် တူးမြောင်း များ အနက် ကို တွက်ချက် ၍ မြေ သား နုတ် ရာ တွင် စနစ်တကျ ရှိ ခဲ့ သည် ဟူ၍ ရေး သား ခဲ့ သည် ။	G11	Upper Secondary
ဆည်မြောင်း ပညာ နှင့် ရှေးခေတ် မြန်မာ	၁၈၈၇ ခု နှစ် မေ လ ၁၂ ရက်နေ့ စွဲ ဖြင့် ဆည်မြောင်း ဘက် ဆိုင်ရာ အထူး အင်ဂျင်နီယာ တစ် ဦး ဖြစ် သူ ဒီ ၊ ဂျေ ၊ ဂရန် ၏ အစီရင်ခံစာ တွင် - ရှေး မြန်မာ တို့ ဆောက်လုပ် သည့် တူးမြောင်း တို့ ၏ ထိပ် တွင် ရေ တံခါး အဖွင့် အပိတ် တပ်ဆင် ထား ခြင်း မ ရှိ ။ သို့ ဖြစ် ၍ ရေ တအား တိုး လာ သည့် အခါ တူးမြောင်း အတွင်း သို့ ရေ မ ဝင် စေ ရန် မ ကာကွယ် နိုင် ။ တူးမြောင်း ကျိုး ပေါက် ခြင်း ၊ ရေ လွှမ်းမိုး ခြင်း တို့ ရှိ ခဲ့ သည် ။ တူးမြောင်း အလိုက် လိုအပ် သည့် ရေ ပမာဏ ကို တိုင်း ဆ ၍ လည်း မ လွှတ် နိုင် ခဲ့ ပေ ။	G11	Upper Secondary
ဆည်မြောင်း ပညာ နှင့် ရှေးခေတ် မြန်မာ	ရှေး မြန်မာ တို့ ၏ ရေ လွှမ်းမိုး မှု ကြိုတင် ကာကွယ် ရေး စနစ် သည် လွှဲ စနစ် ထား ခြင်း ဖြစ် သည် ။ မြေ နိမ့် ပိုင်း တွင် “ လွှဲ ” တပ်ဆင် ၍ မ လိုအပ် သည့် ရေ များ ကို လွှဲ အတွင်း သို့ စီးဆင်း စေ ခဲ့ ပြီး ဆည် များ တူးမြောင်း များ ကို သက်သာ စေ ခဲ့ သည် ။ ရှေး မြန်မာ တို့ သည် တူးမြောင်း ဖောက် လုပ် ၍ ရေ ယူ ရာ ၌ အင်မတန် ကျွမ်းကျင် ကြ သည် ။ မည် မျှ ကျွမ်းကျင် ကြောင်း တောင် ခြေ မှ စီးဆင်း လာ သည့် နတ် လွှဲ မြောင်း နှင့် သင်း တွဲ မြောင်း တို့ ကို ကြည့် ခြင်း ဖြင့် သိ နိုင် သည် ။ ရှေး မြန်မာ တို့ သည် တူးမြောင်း ၌ ရေ ကျော် တပ်ဆင် နည်း ကို မ သိ သော်လည်း တူးမြောင်း ကို ကွေ့ကောက် ဖောက် ထား ခြင်း အား ဖြင့် အခက်အခဲ ကို ဖြေရှင်း နိုင် ကြ သည် ။ ဤ နည်း အား ဖြင့် တူးမြောင်း အောက်ခြေ ၏ ကြမ်းပြင် ကို တောက်လျှောက် နက် သည် ထက် နက် အောင် တူး ရန် မ လို ပေ ။	G11	Upper Secondary
ဆည်မြောင်း ပညာ နှင့် ရှေးခေတ် မြန်မာ	ဆည် များ ဆောက်လုပ် ပုံ မှာ လည်း ဆည် တစ် ခု နှင့် တစ် ခု တူညီ ကြ သည် ။ မြစ် ကို ကန့်လန့်ဖြတ် ၍ တိုင် များ ချ ဘောင်ခတ် ပြီး “ ထန်း သား လုံး များ ” သို့ မ ဟုတ် သစ် သား များ နှင့် ချည် တုပ်နှောင် ထား ကြ သည် ။ ကြား ကွက်လပ် များ အတွင်း သို့ ကျောက် များ ဖြည့် သည် ။ ထို သို့ ကျောက် များ ဖြည့် ပြီး မှ အပေါ် မျက်နှာပြင် ကို ကျောက်ပြား ကြီး များ ဖြင့် အုပ် လေ သည် ။ ဤ ကဲ့သို့ ဆည် ဆောက်လုပ် သည့် အတတ် သည် ကျွမ်းကျင် မှု လိုအပ် သည် ။ ဒါ ရိုက် တာ မြင့် မောင်	G11	Upper Secondary
ဆည်မြောင်း ပညာ နှင့် ရှေးခေတ် မြန်မာ	၁ ။ မြစ် သား မြို့ ၊ ကျောက်ဆည် ခရိုင် အတွင်း တည် ရှိ သည် ။ ရှေး က လယ်ကွင်း ၁၁ ခရိုင် ဟု ခေါ် သည် ။	G11	Upper Secondary
ဆည်မြောင်း ပညာ နှင့် ရှေးခေတ် မြန်မာ	၂ ။ ရေ ယာဉ် သွား ရန် ဖြစ် ရေ သွယ် ရန် ဖြစ် စေ တူးဖော် ဖောက် လုပ် ထား သော ပြောင်း ။	G11	Upper Secondary
ဆည်မြောင်း ပညာ နှင့် ရှေးခေတ် မြန်မာ	၃ ။ ဆီး လာ သည့် ရေ ကို ကန်ပေါင် ရိုး ဖြင့် ဟား ဆီး သယ်ဆောင် သည့် အတတ်ပညာ ။	G11	Upper Secondary
ဆည်မြောင်း ပညာ နှင့် ရှေးခေတ် မြန်မာ	၄ ။ J.M.B. Stuart .	G11	Upper Secondary
ဆည်မြောင်း ပညာ နှင့် ရှေးခေတ် မြန်မာ	၅ ။ Old Burmese IrrigationWorks.	G11	Upper Secondary
ဆည်မြောင်း ပညာ နှင့် ရှေးခေတ် မြန်မာ	၆ ။ ချိန် သီး ကို အသုံးပြု ပြီး အနိမ့် အမြင့် ကို တိုင်း တာ သည့် ပညာ ။	G11	Upper Secondary
ဆည်မြောင်း ပညာ နှင့် ရှေးခေတ် မြန်မာ	၇ ။ D.J.Grañ'T.	G11	Upper Secondary
ဆည်မြောင်း ပညာ နှင့် ရှေးခေတ် မြန်မာ	၈ ။ တမံ များ အပေါ် ၌ ရေ ကျော် မှု တားဆီး ရန် တည်ဆောက် ထား သော ရေ ပို လွှဲ ။	G11	Upper Secondary
ဆည်မြောင်း ပညာ နှင့် ရှေးခေတ် မြန်မာ	၉ ။ Fall .	G11	Upper Secondary
လေ့ကျင့်ခန်း	၁ ။ အရှေ့တောင် အာရှ တွင် ဆန်စပါး ကို မည် သည့် နိုင်ငံ များ ၌ မည် သည့် နည်းစနစ် များ ကို အသုံးပြု ၍ စိုက်ပျိုး ခဲ့ သနည်း ။	G11	Upper Secondary
လေ့ကျင့်ခန်း	၂ ။ မြန်မာ နိုင်ငံ အတွင်း ဆည်မြောင်း အတတ်ပညာ ကို အသုံးပြု ၍ ဆန်စပါး ကို . မည် သည့် နေ ရာ တွင် မည် ကဲ့သို့ စိုက်ပျိုး ခဲ့ သနည်း ။	G11	Upper Secondary
လေ့ကျင့်ခန်း	၃ ။ မြန်မာ တို့ ၏ ဆည်မြောင်း အတတ်ပညာ ကို နိုင်ငံခြားသား ပညာရှင် တို့ က မည် သို့ ကောက် ချက် ပြု ခဲ့ သနည်း ။	G11	Upper Secondary
လေ့ကျင့်ခန်း	၄ ။ “ ဆည်မြောင်း ပညာ နှင့် ရှေးခေတ် မြန်မာ ” ဆောင်းပါး ကို သုတ ဆောင်းပါး ဟု ခေါ် ဆို နိုင် ပါ သလား ။ အဘယ် ကြောင့် နည်း ။	G11	Upper Secondary
လေ့ကျင့်ခန်း	၅ ။ သင် လေ့လာ ခဲ့ ဖူး သည့် ဆည်မြောင်း တစ် ခု အကြောင်း သင့် သူငယ်ချင်း များ သိ စေ ရန် မျှဝေ ရေး သား ပါ ။	G11	Upper Secondary
လေ့ကျင့်ခန်း	၆ ။ အောက် ပါ စကားလုံး များ ကို အနက် အဓိပ္ပာယ် ပြည့်စုံ သော ဝါကျ ဖွဲ့ ပါ ။ ဆည်မြောင်း ၊ မဲခေါင် မြစ်ဝှမ်း ၊ ရေ သွယ် တူးမြောင်း ၊ ရေ တံခါး ၊ ဘောင်ခတ် ၊	G11	Upper Secondary
အခန်း ( ၃ ) ရ သ စာတမ်း	မ မေ့ တဲ့ နိုင် မ မေ့ တဲ့ နိုင် ရ သ စာတမ်း ကို ဦး ဘသောင်း ၏ တစ် ကျွန်း သို့ စာအုပ် မှ ကောက်နုတ် သည် ။ ဦး ဘသောင်း သည် ဂျပန် နိုင်ငံ သို့ သင်္ဘော အမှတ် ( ၁ ) နှင့် သွား စဉ် မိမိ စီးနင်း လိုက် ပါ လာ သော သင်္ဘော ကြီး တော် ပီ ဒို ထိ မှန် သည် ။ သင်္ဘော ပေါ် တွင် စီးနင်း လိုက် ပါ လာ သော ခရီး သည် တို့ သည် အခြား ရေနံ တင် သင်္ဘော ငယ် တစ် စီး သို့ ပြောင်းရွှေ့ စီး ကြ ရ သည် ။ ထို့နောက် မိမိ တို့ စီး လာ သော သင်္ဘော ကြီး တဖြည်းဖြည်း နစ်မြုပ် သွား ပုံ ကို စောင့်ကြည့် နေ ကြ သော ခရီး သည် များ စိတ် မ ကောင်း ဖြစ် ကြ ရ ပုံ ၊ သင်္ဘော အမှုထမ်း တို့ သည် သူ တို့ ၏ လုပ်ဖော်ကိုင်ဖက် ဖြစ် သော သင်္ဘော ကြီး အတွက် ပိုမို စိတ် ထိခိုက် ကြေကွဲ နေ ကြ ပုံ တို့ ကို ရေး သား ထား သည် ။ ထို ဖြစ် ရပ် ကို အစအဆုံး တိုင် တွေ့ မြင် ခံစား ရင်း ဖြစ် ရပ် ဖြစ် စဉ် တို့ အတိုင်း စာဖတ် သူ များ ပါ လိုက် ပါ ခံစား လာ အောင် ရေး ဖွဲ့ ထား သော ရ သ စာတမ်း တစ် ပုဒ် အဖြစ် လေ့လာ ရ မည် ဖြစ် သည် ။	G11	Upper Secondary
အခန်း ( ၃ ) ရ သ စာတမ်း	သစ် စေ့ က လေး သစ် စေ့ က လေး ရ သ စာတမ်း ကို စိတ် ပင်လယ် စာတမ်း မှ ကောက်နုတ် သည် ။ စာ ရေး သူ မင်း ကျော် သည် သစ် စေ့ က လေး ကို လူ တစ် ဦး ပမာ ပြု ကာ ဘဝ ရှင်သန် ရပ်တည် ရေး အတွက် ပြင်းပြင်းထန်ထန် ရုန်းကန် နေ ပုံ ကို ဖော်ပြ ထား သည် ။ ထို့ကြောင့် စာဖတ် သူ သည် သစ် စေ့ က လေး နှင့် အတူ ရုန်းကန် လှုပ်ရှား ရင်း သူ ၏ အခက်အခဲ များ ကို ကိုယ်ချင်းစာ စိတ် ဖြစ် ပေါ် လာ စေ သည် ။ ရင် တထိတ်ထိတ် ဖြင့် သူ ရှင်သန် နိုင် ပါ့ မ လား ဟူသော ပူပန် စိတ် များ ကို လည်း နှိုးဆွ ပေး နိုင် သည် ။ နောက်ဆုံး တွင် သစ် စေ့ က လေး အတွက် စိတ်နှလုံး ဒုန်း ဒုန်း ချ လိုက် နိုင် သော ခံစား မှု တို့ ကို ပေး မည့် ထူးခြား သည့် ရ သ စာတမ်း တစ် ပုဒ် အဖြစ် လေ့လာ ရ မည် ဖြစ် သည် ။	G11	Upper Secondary
အခန်း ( ၃ ) ရ သ စာတမ်း	ဝမ်း ရေး ဝမ်း ရေး ရ သ စာတမ်း ကို ၁၉၆၉ ခု နှစ် စက်တင်ဘာ လ ထုတ် ငွေတာရီ မဂ္ဂဇင်း မှ ကောက်နုတ် ထား သည် ။ စာ ရေး သူ သည် ခင် မော်မော် ဖြစ် သည် ။ လူ တို့ အတွက် ဝမ်း ရေး သည် ကား အခက်ခဲဆုံး ပြဿနာ ဖြစ် သည် ။ ထို ပြဿနာ ကို ဖြေရှင်း နေ ကြ ရ သော လူ သား တို့ ၏ ရုန်းကန် မှု ၊ လုပ်ငန်းခွင် မြင်ကွင်း တို့ ကို တွေ့ မြင် ရ သော လူငယ် တစ် ယောက် ၏ အတွေး နှင့် ခံစား ချက် ၊ အကဲဖြတ် ချက် တို့ သည် ယုတ္တိ ရှိ ချင် မှ ရှိ မည် ။ မှန် ချင် မှ မှန် မည် ။ သို့သော် စား ဝတ် နေ ရေး အတွက် လူ တိုင်း ရုန်းကန် လှုပ်ရှား လျက် ရှိ သည် ဟူသော အသိ ကို လူငယ် တို့ သိ ရှိ ရန် လိုအပ် ကြောင်း စာ ရေး သူ က ညွှန်ပြ နေ ပုံ ကို လေ့လာ ရ မည် ဖြစ် သည် ။	G11	Upper Secondary
အခန်း ( ၃ ) ရ သ စာတမ်း	သန္နိဋ္ဌာန် ရဲ့ စွမ်းအား သန္နိဋ္ဌာန် ရဲ့ စွမ်းအား ရ သ စာတမ်း ကို ဖေမြင့် ၏ နှလုံးသား အာဟာရ စာအုပ် မှ ကောက်နုတ် သည် ။ Glenn Cunningham ဟူသော အပြေး သမား တစ် ဦး ၏ ဖြစ် ရပ် မှန် ကို ရေး သား ထား သည် ။ မ သန်စွမ်း သော က လေး တစ် ယောက် ဘဝ မှ သည် အပြေး သမား တစ် ဦး ဖြစ် လာ သည် အထိ ကြိုးစား ခဲ့ သော အဖြစ်အပျက် ကို လူငယ် များ အတုယူ စရာ ရေး သား ထား သည့် အတွက် နှလုံးသား အာဟာရ ကို ပေး စွမ်း ပါ သည် ။ ပြဿနာ တစ် ခု ခု နှင့် ရင် ဆိုင် ရ ပါ လျှင် မ လျှော့ သော ဇွဲ ၊ လုံ့လ ၊ သတ္တိ တို့ ဖြင့် ရင် ဆိုင် သင့် ကြောင်း ၊ လူ တိုင်း ရင် ဆိုင် ရ မည် ဖြစ် ကြောင်း လမ်း ပြ ထား ပုံ ကို လေ့လာ ရ မည် ဖြစ် သည် ။	G11	Upper Secondary
မ မေ့ တဲ့ နိုင်	၁၉၄၃ ခု ၊ နိုဝင်ဘာ လ ၂၇ ရက် ၊ စ နေ နေ့ ။ လေ နှင့် လှိုင်း ကား အနား ပေး သည် မ ရှိ ။ တိုး ၍ တိုး ၍ သာ ပြင်းထန် လာ လေ သည် ။ ထို အတောအတွင်း ကျွန်တော် တို့ သင်္ဘော ပေါ် မှ လူ တစ် စု သည် ကျပ် ပြား ဝိုင်း သာ သာ ရှိ မည့် သံကြိုး တစ် ချောင်း ကို အစ တစ် ဖက် မှ အမှတ် ( ၁ ) သင်္ဘော ကြီး ရှိ ရာ သို့ လှေ ငယ် က လေး တစ် စင်း ဖြင့် ကူး ခပ် သွား ပြန် သည် ။ အမှတ် ( ၁ ) သင်္ဘော ကြီး အနား သို့ ရောက် သောအခါ သင်္ဘော ပေါ် သို့ လူ ၂ ယောက် ၃ ယောက် တက် ကြ ၍ ယူဆောင် သွား ကြ သည့် သံကြိုး ဖြင့် သင်္ဘော ဦး ကို ချည် လေ သည် ။ အခိုင်အခံ့ ချည် ပြီး သည် နှင့် တစ်ပြိုင်နက် ကျွန်တော် တို့ သင်္ဘော ပေါ် ရှိ သင်္ဘော ဘတ် အရာ ရှိ ကြီး များ ကို အချက် ပေး လိုက် သောအခါ ကျွန်တော် တို့ သင်္ဘော က လေး ရွေ့လျား စ ပြု လာ သည် ။ ပုံ ပန်း မှာ အမှတ် ( ၁ ) သင်္ဘော ကြီး ကို ကျွန်တော် တို့ စီးနင်း လိုက် ပါ လျက် ရှိ သည့် ရေနံ တင် သင်္ဘော က လေး က ဆွဲငင် ယူဆောင် ဖို့ ဟု ထင် ပါ သည် ။	G11	Upper Secondary
မ မေ့ တဲ့ နိုင်	သင်္ဘော ၂ စင်း ကို ဆက် ထား သည့် သံကြိုး သည် တင်း ၍ လာ လေ သည် ။ အမှတ် ( ၁ ) သင်္ဘော ကြီး လည်း ရွေ့လျား စ ပြု ၍ လာ လေ သည် ။ သို့ နှင့် အလျင် က ကျွန်တော် တို့ ၏ ́ လက်ယာ ဘက် ၌ ရှိ သော သင်္ဘော ကြီး သည် ကျွန်တော် တို့ နောက် တည့်တည့် သို့ ရောက် သွား လေ သည် ။ သင်္ဘော ပေါ် ရှိ လူ တိုင်း လူ တိုင်း ၏ စိတ် တွင် သင်္ဘော ကြီး ဖြစ် ဖြစ် မြောက် မြောက် နှင့် ပါ လာ ပါ စေ ဟု ဆုတောင်း နေ ကြ သည် ။ အသက် မျှ ပင် မှန် အောင် ရှူရှိုက် နိုင် ကြ ဟန် မ တူ ချေ ။ သို့ ရာ တွင် လေ ပြင်းပြင်း တစ် ချက် တိုက် လိုက် သည် ။ လှိုင်း ကြီး ကြီး တစ် ချက် ရိုက် လိုက် သည် ။ သင်္ဘော ၂ စင်း ကို ဆက် ထား သည့် သံကြိုး ကြီး လည်း ထောင်း က နဲ ပြတ် သွား သည် ။ ၃ နာရီ ခွဲ ခန့် ရှိ ပေ ပြီ ။	G11	Upper Secondary
မ မေ့ တဲ့ နိုင်	သံကြိုး ပြတ် သွား ပြီး နောက် နောက်ထပ် ဆွဲငင် ကြ ဖို့ အရေး ကို လုံးဝ လက်လျှော့ လိုက် ဟန် တူ ချေ သည် ။ ကျွန်တော် တို့ သင်္ဘော ကို လည်း ရပ် ၍ ထား ပေ ပြီ ။ ဖျက် သင်္ဘော က လေး သာ ဟို သွား ဒီ သွား နှင့် စောင့်ရှောက် နေ ရ ဟန် တူ လေ သည် ။ ကျွန်တော် တို့ သင်္ဘော မှာ အမှတ် ( ၁ ) သင်္ဘော ကြီး နှင့် စာ သော် ပေါ့ ပါး လွန်း သဖြင့် ရေ စီး ရာ သို့ ပါ ၍ သွား ပြီး လျှင် ယခင် က ကျွန်တော် တို့ ၏ နောက် တည့်တည့် တွင် ရှိ သော အမှတ် ၁ သင်္ဘော ကြီး သည် ကျွန်တော် တို့ ၏ လက်ဝဲ ဘက် သို့ ရောက် သွား ချေ ပြီ ။	G11	Upper Secondary
မ မေ့ တဲ့ နိုင်	ယခု အထိ သော် အမှတ် ( ၁ ) သင်္ဘော ကြီး အတွင်း သို့ ရေ စိမ့်ဝင် ရုံ သာ ရှိ သဖြင့် အိ ရုံ လောက် သာ အိ သေး သည် ။ ထူးထူးခြားခြား ကြီး မ သိ သာ လှ ။ သို့ ရာ တွင် လေး နာရီ ထိုး သည် နှင့် တစ်ပြိုင်နက် “ ကြည့် စမ်း ကြည့် စမ်း ” ဟု အော် ကြ ရင်း ဟစ် ကြ ရင်း ပင် အမှတ် ( ၁ ) သင်္ဘော ကြီး သည် ကျွန်တော် တို့ ရှိ ရာ လက်ယာ ဘက် သို့ အနည်းငယ် တိမ်းစောင်း စ ပြု လာ သည် ။ ရေ များ မှာ ဆီး မ နိုင် တား မ ရ အောင် ဝင် စ ပြု လေ ပြီ ။	G11	Upper Secondary
မ မေ့ တဲ့ နိုင်	သင်္ဘော ကြီး အနည်းငယ် တိမ်းစောင်း စ ပြု သည် နှင့် တစ်ပြိုင်နက် သင်္ဘော ကုန်းပတ် ကြီး ကို အပေါ် မှ စီး ၍ မြင် လိုက် ကြ ရ သကဲ့သို့ တစ် စ တစ် စ မြင် ကြ ရ လေ သည် ။ သို့ နှင့် လက်ဝဲ ဘက် ရုံ တိုင် J တစ် လျှောက် ရှိ သော ဘော သဖွယ် ပြုလုပ် ထား သော ဆယ် ပေ ပတ်လည် ခန့် ရှိ ပျဉ်ပြား ကြီး များ ကို အဝေး တွင် ရှိ သည့် ကျွန်တော် တို့ သင်္ဘော က လေး ပေါ် မှ ကြည့် သော် လေး ထောင့် ဘီစကွတ် မုန့် က လေး များ ပမာ မြင် ကြ ရ ပါ သည် ။ ကြည့် နေ ရင်း ပင် လည်း တဖြည်းဖြည်း လျောကျ လာ ကြ ကာ နောက်ဆုံး ၌ လက်ယာ ဘက် ရံ တိုင် သို့ ရောက် ခါ မှ ရပ်တန့် ၍ သွား ကြ သည် ။ ကြိုးခွေ ကြီး များ ၊ သေတ္တာ များ ၊ ခုံ များ ၊ စည် ပိုင်း များ လည်း ဤ နည်းနှင်နှင် ပင် ။ သင်္ဘော ကြီး ကို ကား ဆယ် ၍ မ ရ နိုင် တော့ ပြီ ။ တန် ချိန် တစ် သောင်း ကျော် ရှိ ၍ ပင်လယ် များ သမုဒ္ဒရာ များ ကို အခေါက်ခေါက်အခါခါ ကူးသန်း သွား လာ ခဲ့ ဖူး သော ဤ သင်္ဘော ကြီး သည် ဤ နေ့ ဤ ရက် တွင် ပျက်စီး နစ်မြုပ် ရ တော့ မည် ။	G11	Upper Secondary
မ မေ့ တဲ့ နိုင်	လေး နာရီ ခွဲ လောက် တွင် ဦး ထောင် ၍ သွား ပြန် သည် ။ သင်္ဘော ကြီး နောက်ပိုင်း ကား သင်္ဘော ပေါ် ရှိ လူ ပေါင်း တစ် ထောင့် ငါး ရာ ကျော် တို့ ၏ ပစ္စည်းပစ္စယ များ ကို လည်း သိုလှောင် ထည့်သွင်း ထား ရာ နေ ရာ ဖြစ် လေ ရာ လေးလံ လွန်း သော ကြောင့် ရေ ဝင် မြန် ၍ ရေ ဝင် များ ခဲ့ သည် ။ ဒဏ်ရာဒဏ်ချက် ဖြင့် မ ချိ ရှာ လွန်း သော ဆင် မ သည် ဒယိမ်းဒယိုင် ဖြစ် ပြီး နေ ရာ မှ မ ထ နိုင် မ ဟန် နိုင် နောက် ထိုင် ၍ သွား သကဲ့သို့ သင်္ဘော ကြီး လည်း ဖင် ထိုင် သွား ရ ရှာ လေ ပြီ ။	G11	Upper Secondary
မ မေ့ တဲ့ နိုင်	၅ နာရီ ခန့် တွင် လေ သံ လှိုင်း သံ များ အကြား မှ တဝေါဝေါ ထိုးဖောက် ပေါ် ထွက် လာ သော ဝဲဂယက် သံ ကို ကြား ရ သည် ။ သင်္ဘော ကြီး တစ်ဝိုက် ရှိ ရေ ပြင် ကား ဝဲဂယက် သံ ကို ကြား ရ သည် ။ သင်္ဘော ကြီး တစ်ဝိုက် ရှိ ရေ ပြင် ကား ဝဲဂယက် ကြီး များ ကဲ့သို့ ပင် ။ ကျွန်တော် တို့ ရေနံ တင် သင်္ဘော က လေး ပေါ် ရှိ လူ များ အားလုံး လည်း သင်္ဘော ကုန်းပတ် ပေါ် မှ နေ ၍ သင်္ဘော ညွှတ် မျှ ကြည့် လျက် ရှိ ကြ သည် ။ မီး ထိုး သမား ၊ စက် သမား ပင် ကျန် မည် မ ထင် ။ ထို သူ တို့ အထဲ တွင် အထူး ချုပ် တည်း ၍ ထား ရ သော မျက်နှာ နှင့် မြုပ် တော့ မည် ဆဲ ဆဲ ရှိ သည့် အမှတ် ( ၁ ) သင်္ဘော ကြီး ကို စူးစူးစိုက်စိုက် ကြည့် နေ ရှာ ပေ သော အမှတ် ( ၁ ) သင်္ဘော ကြီး ၏ ကက်ပတိန် လည်း ပါ လေ သည် ။ သူ့ စိတ် တွင်း ၌ အဘယ် ကဲ့သို့ ရှိ ပါ မည် နည်း ။	G11	Upper Secondary
မ မေ့ တဲ့ နိုင်	၅ နာရီ နှင့် တစ် မိနစ် မှ ၅ နာရီ နှင့် နှစ် မိနစ် သို့ ကူးပြောင်း လာ လေ ပြီ ။ ဝဲဂယက် သံ များ ဆူညံ နေ တုန်း ပင် ။ ထို အခိုက် ကျွန်တော် တို့ ရေနံ တင် သင်္ဘော ပေါ် ရှိ လူ အားလုံး တို့ သည် မည် သူ တစ် ဦး တစ် ယောက် ၏ ပြော ဆို တိုက်တွန်း ချက် ကြောင့် မှ မ ဟုတ် ။ မိမိ တို့ အလိုအလျောက် ပင် မြုပ် တော့ မည့် သင်္ဘော ကြီး ရှိ ရာ ဘက် သို့ မျက်နှာ မူ လျက် ငြိမ်သက် စွာ စီ တန်း နေ ကြ သည် ။	G11	Upper Secondary
မ မေ့ တဲ့ နိုင်	၅ နာရီ နှင့် ၅ မိနစ် ရှိ ပေ ပြီ ။ ရပ် နေ သော လူ များ အထဲ မှ ရှိုက်သံ ကို ကြား ရ သည် ။ မည် သူ များ ဖြစ် လိမ့် မည် နည်း ဟု ကြည့် လိုက် ရာ သူနာပြု ဆရာ မ တစ် ယောက် ဖြစ် ကြောင်း သိ ရ သည် ။ ထို သူနာပြု ဆရာ မ အနီး ရှိ ဂျပန် စစ်သား တစ် ဦး လည်း မျက်ရည် များ ယိုစီး စ ပြု လေ ပြီ ။ မည် သူ မ ထိခိုက် ဘဲ နေ နိုင် ပါ မည် နည်း ။	G11	Upper Secondary
မ မေ့ တဲ့ နိုင်	၅ နာရီ နှင့် ၆ မိနစ် ရှိ ပေ ပြီ ။ ဝဲဂယက် သံ များ ဆူညံ သည် ထက် ဆူညံ ၍ လာ လေ သည် ။ သင်္ဘော ကြီး ပဲ့ ပိုင်း လည်း မြုပ် တော့ မည့် ဆဲ ဆဲ ရှိ သော ကြောင့် ရေ များ ကို သူ ရှိ ရာ ဘက် သို့ အား ကုန် အင် ကုန် စုပ်ယူ ငင် JP	G11	Upper Secondary
မ မေ့ တဲ့ နိုင်	၅ နာရီ နှင့် ၇ မိနစ် ရှိ ပေ ပြီ ။ ဝဲဂယက် သံ များ တိုးတက် ဆူညံ ပြီး လာ သလို ရှိုက် ”‘သံ”“ငင်” သံ များ မှာ လည်း တိုးတက် များ ပြား ၍ လာ လေ ပြီ ။ သူနာပြု ဆရာ မ များ သာ မ က စစ်သား ကြီး များ သင်္ဘော သား များ ပင် ‘ ရိုက် ” စ ငင် ’ စ ပြု ခြေ ပြီ ။	G11	Upper Secondary
မ မေ့ တဲ့ နိုင်	၅ နာရီ နှင့် ၈ မိနစ် ရှိ ပေ ပြီ ။ ဝင် လုဆဲဆဲ ရှိ သော နေ သည် မြုပ် လုဆဲဆဲ ရှိ သော သင်္ဘော ကြီး ၏ နောက် တည့်တည့် မှ အစွမ်းကုန် အရောင် ပြ လျက် ရှိ လေ သည် ။ သာမန် အချိန် ဖြစ် ဘိ မူ နေ မင်း ကြီး နှင့် သင်္ဘော မှာ အထူး ပနံ ရ ပေ မည် ။ ယခု တစ် မူ မြင် ကြ ရ သူ တို့ ၏ စိတ်နှလုံး ကို ယူကျုံး ဖျစ်ညှစ် လိုက် သကဲ့သို့ ရှိ ချေ သည် ။	G11	Upper Secondary
မ မေ့ တဲ့ နိုင်	၅ နာရီ နှင့် ၉ မိနစ် ရှိ ပေ ပြီ ။ ဝဲဂယက် ကြီး သည် ကြီး သည် ထက် ကြီးမား လာ ကာ သင်္ဘော ကြီး ပဲ့ ပိုင်း တစ် ခု လုံး ကို ဗြုန်းခနဲ ဝါးမျို လိုက် ချေ ပြီ ။ ကျွန်တော် တို့ ရေနံ တင် သင်္ဘော ပေါ် ရှိ လူ များ အားလုံး လည်း ဦးထုပ် ၊ ခေါင်း ပတ် အစ ရှိ သည် တို့ ကို ချွတ် ရင်း သင်္ဘော ကြီး ကို နောက်ဆုံး ပိတ် ကြည့် ခြင်း ဖြင့် ကြည့် လိုက် ကြ ပါ သည် ။ နောက် မှ ဦး ခေါင်း ကို တရိုတသေ ညွှတ် ခ လျက် နောက်ဆုံး တစ် ကြိမ် အလေးဂရုပြု လိုက် ကြ ပါ သတည်း ။	G11	Upper Secondary
မ မေ့ တဲ့ နိုင်	ထို အတွင်း - ၅ နာရီ နှင့် ဆယ် မိနစ် တိတိ တွင် သင်္ဘော ကြီး တစ် ခု လုံး ရေ ထဲ သို့ စိုက် ဆင်း သွား ပြီး လျှင် မငြိမ်မသက် ဖြစ် နေ သေး သော ရေ ၊ ဟို တစ် ခု ဒီ တစ် ခု လည်ပတ် မျော ပေါ် နေ သေး သော သေး ငယ် ပေါ့ ပါး သည့် ပစ္စည်းပစ္စယ က လေး တွေ မှ အပ မည် သည့် အရာဝတ္ထု ကို မျှ မ မြင် ရ တော့ ပါ ။	G11	Upper Secondary
မ မေ့ တဲ့ နိုင်	သင်္ဘော ကြီး လည်း မြုပ် ခဲ့ ပြီ ။ နေ မင်း ကြီး လည်း ငုပ် ခဲ့ ပြီ ။ ဦး ဘသောင်း	G11	Upper Secondary
မ မေ့ တဲ့ နိုင်	၁ ။ ရန် သူ့ ရေ ယာဉ် ကို နစ်မြုပ် နိုင် သော လက်နက် တပ်ဆင် ထား သည့် စစ် ရေ ယာဉ် ။	G11	Upper Secondary
မ မေ့ တဲ့ နိုင်	၂ ၊ လက်ရန်း တွင် လျှို စိုက် ထား သော တိုင် ငယ် များ ။	G11	Upper Secondary
မ မေ့ တဲ့ နိုင်	၃ ။ သင်္ဘော ကို ကွပ်ကဲ သူ ။	G11	Upper Secondary
လေ့ကျင့်ခန်း	၁ ။ ' မ မေ့ တဲ့ နိုင် ' ရ သ စာတမ်း ၏ အကြောင်းအရာ အကျဉ်းချုပ် ကို သင် နားလည် သလို ပြန် ရေး ပြ ပါ ။	G11	Upper Secondary
လေ့ကျင့်ခန်း	၂ ။ “ မ မေ့ တဲ့ နိုင် ” ရ သ စာတမ်း ၏ အမည် ပေး ပုံ သည် စာတမ်း ပါ အကြောင်းအရာ နှင့် လိုက် ဖက် သည် ဟု သင် ထင် ပါ သလား ။ အကြောင်း ပြ ဖြေ ဆို ပါ ။	G11	Upper Secondary
လေ့ကျင့်ခန်း	၃ ။ သင်္ဘော ကြီး နစ်မြုပ် ပုံ အဆင့်ဆင့် ကို သရုပ်ဖော် ထား သည့် သာဓက စာ သား များ ထုတ်နုတ် ပြ ပါ ။	G11	Upper Secondary
လေ့ကျင့်ခန်း	၄ ။ သင်္ဘော ကြီး ပေါ် တွင် လိုက် ပါ လာ သူ တို့ ၏ ခံစား ချက် များ ကို ဖော်ပြ ထား သည့် သာဓက စာ သား များ ထုတ်နုတ် ပြ ပါ ။	G11	Upper Secondary
လေ့ကျင့်ခန်း	၅ ။ သင် သည် ထို သင်္ဘော ပေါ် တွင် လိုက် ပါ စီးနင်း သူ တစ် ဦး ဖြစ် ခဲ့ လျှင် မည် သို့ ခံစား ရ မည် နည်း ။	G11	Upper Secondary
သစ် စေ့ က လေး	လွန် ခဲ့ သော နွေရာသီ နောက်ဆုံး ရက် များ အနက် တစ် ရက် တွင် သစ် စေ့ က လေး တစ် စေ့ သည် ဤ နေ ရာ သို့ ရောက် လာ ခဲ့ လေ သည် ။	G11	Upper Secondary
သစ် စေ့ က လေး	သူ့ တစ် ကိုယ် လုံး ဖုန် အလူးလူး မြူ အထပ်ထပ် နှင့် ဖြစ် နေ သည် ။ တောင် ဘက် လေ က ပုတ် လိုက် ခတ် လိုက် တိုင်း သူ့ ခမျာ ဟို ကပ် သည် ကပ် နှင့် မ တည် မ ငြိမ် ဖြစ် ရ ပေ သည် ။ ထို့ကြောင့် သူ ဤ နေ ရာ သို့ ရောက် လာ ခြင်း မှာ လွယ်လွယ်ကူကူ နှင့် ရောက် လာ ခဲ့ ခြင်း မ ဟုတ် ဟု ဆို ရ ပေ မည် ။	G11	Upper Secondary
သစ် စေ့ က လေး	ထို အချိန် က ဤ နေ ရာ တွင် မြက်ခြောက် ပင် များ ၊ သစ်ရွက် ခြောက် များ ၊ သစ်ကိုင်းခြောက် များ လည်း ရောစပ် ရှုပ်ထွေး နေ သည် ။ မြက်ခြောက် ပင် များ ၊ သစ်ရွက် ခြောက် များ နှင့် သစ်ကိုင်းခြောက် များ သည် တောင် ဘက် လေ အားကိုး နှင့် ထင် တိုင်း မင်း မူ နေ ကြ သည် ။ နေရာတကာ သူ တို့ ပိုင်နက် ကြီး လို လို သဘောထား ကြ သည် ။ ထို့ကြောင့် ဤ နေ ရာ သို့ သစ် စေ့ က လေး ရောက် လာ ခြင်း ကို သူ တို့ လုံးဝ သဘော မ တူ ကြ ။ မ ကျေနပ် ကြ ။ အချို့ သစ်ရွက် ခြောက် များ က သစ် စေ့ က လေး ကို ပုတ် ထုတ် ကြ သည် ။ မြက်ပင် ခြောက် များ က သစ် စေ့ က လေး များ ၏ လည်ပင်း ကို ရစ်ပတ် နှောင်ဖွဲ့ ကြ သည် ။ သစ်ကိုင်းခြောက် များ က ရိုက် မောင်း ပုတ် မောင်း ပြု ကြ သည် ။ သစ် စေ့ က လေး ကို သူ တို့ လုံးဝ နေ ရာ မ ပေး လို ကြ ပေ ။	G11	Upper Secondary
သစ် စေ့ က လေး	သို့သော် သစ် စေ့ က လေး သည် မည် သူ့ ကို မျှ ကြောက် ပုံ မ ပေါ် ၊ ဖုန် တွေ ကပ် နေ သည် ကို လည်း သူ အမှု မ ထား ။ သစ်ရွက် ခြောက် က ပုတ် ထုတ် လိုက် သည် ကို လည်း ဂရုမစိုက် ။ မြက်ပင် ခြောက် က လည်ပင်း ညှစ် လာ သည် ကို လည်း သူ အလျှော့ မ ပေး ။ သစ်ကိုင်းခြောက် ကြီး က ရိုက် မောင်း ပုတ် မောင်း လုပ် သည် ကို လည်း သူ လွတ် အောင် ရှောင် သည် ။	G11	Upper Secondary
သစ် စေ့ က လေး	ရက် အတန်ကြာ သောအခါ မိုး ကျ လာ သည် ။ သစ် စေ့ က လေး သည် မြေ ကြီး မှာ ကပ် လိုက် နေ သည် ။ သစ်ရွက် ခြောက် များ က သစ် စေ့ က လေး ကို အငြိုး တ ကြီး နှင့် ဖိ ထား ကြ သည် ။ ဤ သို့ အနိုင် အထက် ဖိ ရင်း ဖိ ရင်း နှင့် သစ်ရွက် ခြောက် များ သည် မြေ ကြီး ထဲ တွင် မြုပ် သွား ကြ သည် ။ သစ် စေ့ က လေး သည် မိုး ရေ စီး ထဲ တွင် ပါ မ သွား စေ ရန် တွယ် မိ တွယ် ရာ ကို ဇွတ် ကုတ်ကပ် ပြီး တွယ် ထား သည် ။ ဆွဲ မိ ဆွဲ ရာ ကို လှမ်း ပြီး ဆွဲ ထား သည် ။ မိုး သည် အဆက်မပြတ် ရွာ လာ သည် ။ သစ် စေ့ က လေး လည်း အတော် ပင် ကျင့် သား ရ လာ ပြီး တွယ် မိ တွယ် ရာ ဆွဲ မိ ဆွဲ ရာ ကို တွယ် ထား ဆွဲ ထား သော သူ့ လက်တံ က လေး များ သည် အတော် ပင် အား ရှိ လာ ကြ ပြီ ။ ထိုအခါ ခေါင်း က လေး မော်ကြည့် လိုက် သည် ။ ရုတ်တရက် သူ လန့် သွား သည် ။ အကြောင်း မှာ လွန် ခဲ့ သော နွေ ရက် များ အတွင်း က ခြောက်သွေ့ ပူလောင် သော လက်တံရှည် ကြီး များ နှင့် သူ့ လည်ပင်း ကို ဖမ်းဆီး ဖျစ်ညှစ် ခဲ့ ကြ သော မြက်ပင် ခြောက် များ သည် ယခု ခြေဖျားထောက် ကာ ရင် ကော့ ကာ ခေါင်းမော့ ကာ ဖြင့် ဝင့်ကြွား နေ ကြ ပြီ ဖြစ် သော ကြောင့် တည်း ။	G11	Upper Secondary
သစ် စေ့ က လေး	ယခု အခါ မှာ ဤ နေ ရာ မှာ သစ်ရွက် ခြောက် များ ၊ သစ်ကိုင်းခြောက် များ မ ရှိ ကြ တော့ ပေ ။ သို့သော် မြက်ရိုင်းပင် ကြီး များ တ သော သော မင်း မူ လာ ကြ ပြန် ပေ ပြီ ။ အချို့ က ဆူး တံ နှင့် အချို့ အမြစ် ပွား နှင့် ၊ ဤ နေ ရာ တစ် ခု လုံး ကို သူ တို့ ပိုင်နက် ဟု သဘောထား ကြ ဟန် တူ သည် ။ သစ် စေ့ က လေး နေ ရာ ယူ မည် ကို မ နာ လို မရှုစိမ့် ဖြစ် နေ ဟန် လည်း ရှိ သည် ။	G11	Upper Secondary
သစ် စေ့ က လေး	သို့သော် သစ် စေ့ က လေး သည် ဦး မ ညွတ် ။ သူ့ လည်တံ ကို ဇွတ် စွင့် သည် ။ သူ့ ဦး ခေါင်း ကို အတင်း ပင့် ထား သည် ။ သူ့ ဦး ခေါင်း ဖူး ဖူး ချွန် ချွန် က လေး သည် စိမ်းညိုညို အရောင် ဖြစ် သည် ။ မြက်ရိုင်းပင် များ ကား စိမ်းစိမ်းစိုစို ရှိ လှ သည် ။ သူ တို့ သည် မားမား ၊ မားမား နှင့် ကြွား ကြွားရွား ရွား ရှိ လှ သည် ။ သူ တို့ သည် အချင်းချင်း လက်ချင်းယှက် ကာ သစ် စေ့ ပင် ပေါက် ညိုညို ဖူး ဖူး က လေး ကို မ လှူ နိုင် အောင် ဝိုင်း ကြီး ပတ် ပတ် လုပ် ထား ကြ သည် ။	G11	Upper Secondary
သစ် စေ့ က လေး	အတန်ကြာ သောအခါ မြက် ခုတ် သမား ၏ အမြင် တွင် မြက်ရိုင်းပင် ကြီး များ သည် ရှုပ်ထွေး လာ သည် ။ မြက်ရိုင်းပင် များ သည် သူ တို့ ချည်း စုဝေး ပေါက် ကာ သူ တို့ ၏ အရိုင်း တော နယ် ကို ချဲ့ ရုံ သာ ချဲ့ သည် မ ဟုတ် သေး ။ အဆိပ်အတောက် ရှိ သော ပိုး ကောင် ၊ မွှားကောင် များ ကို လည်း သူ တို့ နေ ရာ သို့ အလည် ဖိတ်ခေါ် တတ် ကြ သေး သည် ။ အမြင် ရှုပ် စရာ ကို လည်း သူ တို့ နေ ရာ သို့ အလည် ဖိတ်ခေါ် တတ် ကြ သေး သည် ။ အမြင် ရှုပ် စရာ အပြင် စိတ်ရှုပ် စရာ ပါ ဖြစ် လာ ရ သည် ။ ထို့ကြောင့် မြက်ရိုင်းပင် ကြီး များ သည် မြက် ခုတ် သမား အဖို့ စိတ်ရှုပ် စရာ ဖြစ် လာ ရ ပေ သည် ။	G11	Upper Secondary
သစ် စေ့ က လေး	ဤ သို့ ဖြင့် မြက် ခုတ် သမား သည် ဓား ကို ဆွဲ ကာ မြက်ရိုင်းပင် များ ကို ခုတ် လေ တော့ သည် ။ မြက်ရိုင်းပင် များ သည် မြေ တွင် ဓား ချက် ဖြင့် တုံး လုံး လဲ ကျ ကြ ရ ကုန် သည် ။	G11	Upper Secondary
သစ် စေ့ က လေး	မြေ ကြီး မှာ ခေါင်း စွင့် စ ' သစ် စေ့ ပင် ပေါက် က လေး သည် ထိတ်ထိတ်ပျာပျာ ဖြစ် သွား သည် ။ သူ သည် ကြောက် အား လန့် အား နှင့် မြေ ကြီး မှာ ကပ် နေ လိုက် သည် ။ မြက် ခုတ် သမား ၏ ဓား သွား သည် သစ် စေ့ ပင် ပေါက် က လေး ၏ ဆံဖျား ကို ရှပ် သည် ဆို ရုံ က လေး ရှပ် သွား သည် ။ မြက်ပင် များ ကား တုံးတိတိ ကျန် ခဲ့ သည် ။	G11	Upper Secondary
သစ် စေ့ က လေး	နောက် တစ် ရက် နှစ် ရက် တွင် သစ် စေ့ ပင် က လေး ခေါင်း လူ လာ သည် ။ သူ့ ဦး ခေါင်း ခြုံထည် ကို လှစ် ကြည့် သည် ။ ဤ နေ ရာ သို့ ရောက် လာ သော လူ တစ် ယောက် က သူ့ ကို မျက်စေ့ တစ် ချက် ဝင့်ကြည့် သည် ။ ထို လူ ၏ အတွေး အာရုံ ထဲ သို့ ဘာ ပင် က လေး များ ပါ လိမ့် ဟူသော အတွေး ဝင် လာ သည် ။ ထို လူ သည် သစ် စေ့ ပင် ပေါက် က လေး အနား သို့ ကပ် ကြည့် သည် ။ သစ် စေ့ ခွံ ဖတ် က လေး မြေ ပေါ် သို့ တစ် ခြမ်း ပေါ် နေ သည် ကို ထို လူ သတိထား ကြည့် သည် ။ ထို လူ သည် အနည်းငယ် ကျေနပ် သွား သည် ။ ထို့ကြောင့် သစ် စေ့ ပင် ပေါက် က လေး ပတ်လည် က မြက်ရိုင်းပင် ငုံး တိတိ များ ကို နုတ် ပစ် သည် ။ သစ် စေ့ ပင် က လေး ၏ အခြေ ပတ်လည် တွင် မြေ တောင် မ စို့ တ စို ပင့် ပေး သည် ။ ထို့နောက် အနီးအပါး တွင် တုတ်ချောင်း အတိုအစ များ ကို ရှာဖွေ ၍ သစ် စေ့ ပင် က လေး ၏ ပတ်လည် ၌ တုတ် တိုင် က လေး သုံး လေး တိုင် ကို ထူ ပေး သည် ။	G11	Upper Secondary
သစ် စေ့ က လေး	ထို အဖြစ် ကို ငုံး တိတိ မြက်ရိုင်းပင် များ က မျက် ကြုတ် ပိုမို ဝန်တို သော အကြည့် နှင့် စူးစူးစိုက်စိုက် ကြည့် သည် ။ နောက် တစ် နေ့ မိုး အကျ တွင် ငုံး တိတိ မြက်ရိုင်းပင် များ သည် ဒေါ နှင့် မော နှင့် ထ ၍ ခုန် ကြ သည် ။ သူ တို့ အပေါ် မိုး တော့ မည် ကဲကဲ ရှိ သော သစ် စေ့ ပင် ပေါက် က လေး ကို ငြာသံပေး ပြီး ဝိုင်း ကြ သည် ။ ထို အပင် ပေါက် က လေး ၏ အခြေ တွင် ဇွတ် ဝင် ပြီး နေ ရာ ယူ ကြ ပြန် သည် ။ ထို မျှ နှင့် အား မ ရ သေး သော ကြောင့် အပင် ပေါက် က လေး ၏ ပတ်လည် မှ တုတ် တိုင် များ ကို ဆွဲနုတ် ရန် ကြိုးစား ကြ သေး သည် ။ အချို့ တိုင် များ ပင် ယိမ်း ယိမ်းယိုင် ယိုင် ဖြစ် လာ သည် ။ ယခု အကြိမ် မြက်ရိုင်းပင် များ ခြေဖျားထောက် ကြ ပြန် ပြီ ။ ရင် ကော့ ကြ ပြန် သည် ။ ခေါင်း မော ကြ ပြန် ပြီ ။	G11	Upper Secondary
သစ် စေ့ က လေး	မြက် ခုတ် သမား သည် ဓား ကို ဆွဲ ကာ မြက်ရိုင်းပင် များ ကို ဝင် ၍ ခုတ် ပြန် သည် ။ တစ် နေ ရာ တွင် တုတ်ချောင်း တစ် ချောင်း ကို သွား ၍ ခုတ် မိ သည် ။ မြက် ခုတ် သမား သည် နည်းနည်း တော့ စိတ်ပျက် သွား သည် ။ သို့သော် သူ သည် အရွက် က လေး နှစ် ရွက် ဖြာထွက် စ ပြု သော အပင် ပေါက် က လေး ကို မြင် ရ သဖြင့် စိတ် ပြေ သွား သည် ။ ထို့ကြောင့် အပင် ပေါက် က လေး ကို မ ထိခိုက် ရ အောင် ပတ်ပတ်လည် က မြက်ရိုင်းပင် တွေ ကို ဂရု ထား ပြီး ခုတ် ပစ် သည် ။	G11	Upper Secondary
သစ် စေ့ က လေး	အပင် က လေး သည် အတော် ပင် အားသန် လာ လေ ပြီ ။ ငုံး တိတိ ကျန်ရစ် သော မြက်ခင်းပြင် တွင် အပင် ပေါက် က လေး သည် ခပ် မားမား သာ ဖြစ် ခဲ့ ပေ ပြီ ။ သူ သည် အလင်းရောင် ကို အား ရ ပါး ရ ရ ပြီ ဖြစ် သဖြင့် အား ပြည့် လာ သည် ။ သွေးကြော က လေး များ ပင် စိမ်း လာ ပြီ ။ ညို ပြေပြေ အရောင် သည် တဖြည်းဖြည်း နှင့် အစိမ်း ဘက် သို့ ကူး လာ သည် ။	G11	Upper Secondary
သစ် စေ့ က လေး	ထိုအခါ လူ တစ် ယောက် ရောက် လာ ပြန် ကာ သူ့ ကို မြင် တွေ့ သွား ပြန် သည် ။ ထို လူ သည် တစ် ထွာ တစ် မိုက် မျှ သာ ရှိ သေး သော အပင် ပေါက် လေး ၏ ပတ်ပတ်လည် တွင် အုတ်ခဲ က လေး များ ဝိုင်း ပြီး ကာရံ ပေး သည် ။ ပင် ခြေ တွင် မြေတောင်မြှောက် ပေး သည် ။ အပင် ပေါက် က လေး သည် ဦး ခေါင်းညိတ် ကာ နှုတ်ဆက် တတ် လေ ပြီ ။	G11	Upper Secondary
သစ် စေ့ က လေး	မြက်ရိုင်းပင် များ က အပင် ပေါက် က လေး ကို နောက် တစ် ကြိမ် ဖုံးအုပ် နိုင် ရန် ကြိုးစား ကြ ပြန် သေး သည် ။ သို့သော် မ အောင်မြင် ။ အား ကြီး သည် မှန် သော်လည်း ကြံ့ကြံ့ခိုင် သော အပင် ပေါက် က လေး ကို သူ တို့ မည် သို့ မျှ ဖျက်ဆီး ၍ မ ရ တော့ ပေ ။	G11	Upper Secondary
သစ် စေ့ က လေး	ဆောင်းဦးပေါက် လာ သောအခါ အပင် ပေါက် က လေး သည် နှင်းရည် ကို သောက် ကာ နေ ရည် ကို သောက် ကာ ဖြင့် အတော် က လေး သန်သန်စွမ်းစွမ်း ဖြစ် လာ သည် ။ လက်တံ က လေး များ ပင် ဆန့်တန်း စ ပြု လာ သည် ။	G11	Upper Secondary
သစ် စေ့ က လေး	"မြက်ရိုင်းပင် များ ကား မ ကျေနပ် နိုင် ကြ သေး ပေ ။ သို့ နှင့် နွေရာသီ ရောက် လာ ခဲ့ ပြန် သည် ။ ထိုအခါ အပူဓာတ် လွှမ်း ကဲ လာ သည် ။ အပင် ပေါက် က လေး သည် အံ ကို ခဲ ပြီး ခေါင်း ကို စွင့် ထား သည် ။ မြက်ခြောက် ပင် များ က “ တို့ တောင် မ ခံ နိုင် တဲ့ ဟာ - ဒင်း ခံ နိုင် မ လား ... ကြည့် ကြ သေး တာ ပေါ့ ... "" ဟူသော သဘော မျိုး နှင့် မေးငေါ့ ကြ သေး သည် ။ ပြက်ရယ်ပြု ကြ သေး သည် ။"	G11	Upper Secondary
သစ် စေ့ က လေး	သစ် စေ့ ပင် ပေါက် က လေး သည် အား မ လျှော့ ။ ဦး ခေါင်း ကို မ ညွတ် ။ မြေပြင် သည် ခြောက် လာ သည် ။ ထိုအခါ ဦး ခေါင်း ကို စွင့် ထား သည့် ကြား က ခြေထောက် ယိုင် လာ သည် ။ ဒူး တွေ မ ခိုင် မ ကျည် ဖြစ် ချင် လာ သည် ။ မြက်ပင် ခြောက် များ က “ အေး ... တို့ က အခု ခြောက် ပေ မဲ့ နောက် တစ် နေ့ ပြန် ရှင် လာ အုံး မှာ ၊ ဒီ ကောင် တော့ တစ် ချီ တည်း နှင့် အ သွား ပဲ ... ” ဟု ကြုံးဝါး နေ ကြ ဆဲ ဖြစ် သည် ။	G11	Upper Secondary
သစ် စေ့ က လေး	ထို့နောက် လူ တစ် ယောက် သည် ထို နေ ရာ သို့ ရောက် လာ ပြန် သည် ။ သူ သည် အခြေ ယိုင် လုလု အပင် ပေါက် က လေး ကို တွေ့ ရ သောအခါ ပူပန် စိတ် ဝင် လာ သည် ။ ထို့ကြောင့် အပင် က လေး ကို ရေ လောင်း ပြီး ပြုစု လေ တော့ သည် ။ အပင် က လေး အခြေခိုင် သည် ။	G11	Upper Secondary
သစ် စေ့ က လေး	နောက် တစ် မိုး တွင် မြက်ပင် များ သည် သူ တို့ ထက် မားမားမတ်မတ် ဖြစ် လာ သော အပင် က လေး ကို မကျေမနပ် ဖြစ် ကာ ဝိုင်း ပြီး ချုပ်နှောင် ဖြိုဖျက် ဖို့ ကြိုးစား လာ သည် ။ သို့သော် သည် မျှ ရုန်းကန် တိုက်ခိုက် ကာ မိမိ ဘဝ ရပ်တည် မှု အတွက် ကြိုးပမ်း ခဲ့ ရ သော အပင် ပေါက် သည် မြက်ရိုင်းပင် များ ကို လုံးဝ အမှု မ ထား တော့ ပေ ။ ဥပေက္ခာ ထား လိုက် သည် ။	G11	Upper Secondary
သစ် စေ့ က လေး	ဤ သို့ ဖြင့် လေး ငါး နှစ် ကြာ သောအခါ ဤ နေ ရာ တွင် သစ်ပင် က လေး တစ် ပင် မားမားမတ်မတ် ဖြစ် လာ ခဲ့ လေ သည် ။	G11	Upper Secondary
သစ် စေ့ က လေး	သည် နွေ ဦး တွင် သူ သည် စိမ်းစို သော အရွက် များ ဖြင့် အုံ့ဆိုင်း ကာ အေးမြ သော ရိပ်သာ ကို ပေး လေ ပြီ ။ ရွှေ ဝတ်မှုန် တွင် ငွေ ပွင့် လွှာ ရုံ သော ပွင့် ဖတ် က လေး များ ဖြင့် တန်ဆာဆင် သည့် အပွင့် များ လည်း ဖူး ပွင့် လာ ကြ ပြီ ။ သင်းကြူ မွှေး ကို လည်း ပတ်ဝန်းကျင် အနှံ့ ဖြန့်ဝေ ပေး လိုက် သည် ။	G11	Upper Secondary
သစ် စေ့ က လေး	ထိုအခါ လောက သည် မွှေးပျံ့ လာ သည် ။ အေးမြ လာ သည် ။ ငှက် က လေး များ သည် ပင် သစ်ပင် က လေး ထက် သို့ ရောက် လာ တေး ဆို ကြ ပေ ပြီ ။ ရင် မော နွမ်း ဟိုက် သူ များ သည် သူ့ ပင် ခြေ တွင် တစ် ထောက် တစ် နား ဝင် ၍ အပန်းဖြေ ကြ သည် ။	G11	Upper Secondary
သစ် စေ့ က လေး	အပင် က လေး သည် ကျေနပ် အား ရ ၍ မ ဆုံး တော့ ပေ ။	G11	Upper Secondary
သစ် စေ့ က လေး	ထို့ကြောင့် ယခု တစ် နွေ ကုန် တွင် အပင် က လေး သည် သူ့ မျိုးစေ့ များ ကို ဤ နေ ရာ တစ်ဝိုက် အနှံ့အပြား စီ ကြဲ ဖြန့် လေ တော့ သည် ။ ထို့နောက် သစ် စေ့ က လေး များ သည် ရုန်းကန် တိုက်ခိုက် ရင်း ဖြင့် ကြံ့ကြံ့ခိုင် သော သတ္တိ ကို မွေး ကြ ပေ ဦး မည် ။ ထို သတ္တိ ကို မွေး နိုင် ပြီ ဆို သောအခါ လောက ကို အလှဆင် နိုင် မည် ဟူသော ယုံကြည် ချက် ဖြင့် အားမာန် ဝင့် ကာ အခက်အလက် ကိုင်း တံ တို့ ကို စွင့် ထူ လာ ကြ ပေ လိမ့် မည် ။	G11	Upper Secondary
သစ် စေ့ က လေး	ထို သို့ ဖြင့် ယခင် က မြက်ရိုင်းပင် တ သော သော နှင့် ရှိ သော ဤ နေ ရာ တွင် မြက်ရိုင်းပင် များ နောက် တစ် ကြိမ် လုံးဝ မ ပေါက် နိုင် လောက် အောင် ပင် ကြူ သင်း မွှေး အပွင့် နှင့် ချမ်းငြိမ်း အေး အရိပ် ကို ဆောင် သော အပင် များ အုံ့ဆိုင်း မြိုင် ဆိုင် လာ ရ ချေ မည် ။	G11	Upper Secondary
သစ် စေ့ က လေး	ထိုအခါ မှ စ ၍ ဤ နေ ရာ ၌ မြက်ရိုင်းပင် များ အစား ကံ့ကော်ပင် များ နေ ရာ ယူ ပွား များ လာ ခဲ့ လေ သတည်း ။ မင်း ကျော်	G11	Upper Secondary
လေ့ကျင့်ခန်း	၁ ။ ‘ သစ် စေ့ က လေး ’ ရ သ စာတမ်း ၏ ရည်ရွယ် ချက် ကို ဖော်ပြ ပါ ။	G11	Upper Secondary
လေ့ကျင့်ခန်း	၂ ။ သစ် စေ့ က လေး သည် မည် သည့် အခက်အခဲ များ နှင့် တွေ့ကြုံ ခဲ့ ရ သနည်း ။	G11	Upper Secondary
လေ့ကျင့်ခန်း	၃ ။ သစ် စေ့ က လေး ရှင်သန် ရေး အတွက် မည် သည် တို့ က အထောက်အကူပြု ခဲ့ သနည်း ။	G11	Upper Secondary
လေ့ကျင့်ခန်း	၄ ။ “ ကျွန်ုပ် သာ သစ် စေ့ က လေး ဖြစ် ခဲ့ လျှင် ” ဟူသော ခေါင်းစဉ် ဖြင့် သင့် ခံစား ချက် ကို စာ တစ် ပိုဒ် ရေး ပါ ။	G11	Upper Secondary
လေ့ကျင့်ခန်း	"၅ ။ အောက် ပါ စကား တို့ တွင် မည် သူ က မည် သည့် အကြောင်း ကို ရည်ညွှန်း ပြော ဆို သနည်း ။ ( က ) “ တို့ တောင် မ ခံ နိုင် တဲ့ ဟာ - ဒင်း ခံ နိုင် မ လား ... ကြည့် ကြ သေး တာ ပေါ့ .. ” ... ( ခ ) “ အေး တို့ က အခု ခြောက် ပေ မဲ့ နောက် တစ် နေ့ ပြန် ရှင် လာ အုံး မှာ ၊ ဒီ ကောင် တော့ တစ် ချီ တည်း နှင့် အ သွား ပဲ ... """	G11	Upper Secondary
ဝမ်း ရေး	ကျောင်း ကြီး လည်း ပိတ် ပြီ ၊ ကျောင်း ပိတ် ထား ၍ ကျောင်း စာ ကြည့် ရန် မ လို ၊ အခြား စာ တွေ ကြည့် နိုင် ၏ ။ ဝါသနာ ပါ ရာ အလုပ် တွေ လုပ် နိုင် ၏ ။ မ ဖြူ က စာဖတ် ဝါသနာ ပါ ၏ ။ ကျောင်း ပိတ် တုန်း အပြင် စာ တွေ ဖတ် ၏ ။ က ဗျာ တွေ စပ် ကြည့် ၏ ။ စာဖတ် လွန်း ၍ မ ဖြူ မျက်စိ ကိုက် လာ တော့ ၏ ။ မ ဖြူ စာ ရူး မ ရူး နိုင် တော့ ။ စာ မ ရူး နိုင် တော့ ဘာ လုပ် ရ ပါ့ ။ မ ဖြူ အတွေး မှာ မ ဆုံး သေး သူငယ်ချင်း တစ် သိုက် ကြီး ဝင် လာ ကြ ၏ ။ ကျောင်း ပိတ် တုန်း ဘုရား ဖူး သွား ရ အောင် ဆို ပဲ ။ မ ဖြူ သဘောတူ လိုက် ၏ ။ အင်း - စာမေးပွဲ အပြီး ဦးနှောက် ဆေး ရ သေး တာ ပေါ့ ။ မ ဖြူ တို့ စာမေးပွဲ ကား သူ တကာ ထက် အလျင် စော စ ၏ ။ ပြီး တော့ နောက်ဆုံး မှ ပြီး သည် ။ စိတ် ပင်ပန်း ခဲ့ သမျှ စိတ်ပြေလက်ပျောက် ခရီးထွက် ရ လျှင် မ ဆိုး ။ မြစ် ကြောင်း က လည်း တစ် ခါ မှ ခရီး မ သွား ဖူး ။ ဘုရား လည်း ဖူး ရင်း မော်တော် လည်း စီး ရင်း ၊ တစ် ချက် ခုတ် နှစ် ချက် ပြတ် ဖြစ် ပေ သည် ။	G11	Upper Secondary
ဝမ်း ရေး	မနက် အစောကြီး မော်တော် ထွက် သည် ။ မ ဖြူ တို့ အိမ် ကား မြို့ ထဲ မှာ ရှိ သည် ။ မိုးမလင်းမီ မြစ်ဆိပ် သို့ အရောက် လာ ရန် မ လွယ် ၊ ဝေး လွန်း ၏ မ ဖြူ တို့ သူငယ်ချင်း တစ် သိုက် ခေါင်း ချင်း ရိုက် ၍ တိုင်ပင် ကြ ၏ ။ နောက်ဆုံး မြစ်ဆိပ် သို့ ဆင်း အိပ် ရန် သဘောတူ လိုက် ကြ ၏ ။ ည နေ ထမင်း စား ပြီး မ ဖြူ တို့ တစ် သိုက် မြစ်ဆိပ် သို့ ဆင်း ခဲ့ ကြ ၏ ။ မ ဖြူ တို့ ဘကြီး အိမ် မှာ စ တည်း ချ ကြ ၏ ။ ဘကြီး အိမ် သည် မြစ်ကမ်းနဖူး မှာ ရှိ ၏ ။ ရောက် ရောက် ချင်း အမော မှ မ ဖြေ နိုင် ၊ မြစ်ဆိပ် သို့ အလုအယက် ပြေး ဆင်း ကြ ၏ ။ မ ဖြူ တို့ အဖို့ မြစ်ဆိပ် ကား ဆန်း နေ ၏ ။ အိမ် မှာ ဆို ဖလား နှင့် ပုံး ထဲ က ရေ ကို ခပ် ချိုး ရ ၏ ။ အခု လို ရေ ပြင် ကျယ် မှာ မ ချိုး ဖူး ကြ ။	G11	Upper Secondary
ဝမ်း ရေး	အားလုံး ရေချိုး ရန် ပြင် ကြ ၏ ။ ဆပ်ပြာ ခွက် ကိုယ်စီ ၊ တဘက် ကိုယ်စီ ကို လှေကား ပေါ် ချ ကြ ၏ ။ တစ် ယောက် မျက်နှာ တစ် ယောက် ကြည့် ကြ ၏ ။ သူ အလျင် ဆင်း နိုး ကိုယ် အလျင် ဆင်း နိုး နှင့် မ ဖြူ က ရေ နှင့် ကပ် နေ သော အောက် ဆုံး လှေကား ပေါ် ကျကျနန ထိုင် ၏ ။ ပြီး မှ ဘကြီး အိမ် က ယူ လာ သော ဖလား နှင့် မြစ် ထဲ မှ ရေ ကို ခပ် ချိုး တော့ ၏ ။ ဒီ တော့ မှ မ ဖြူ သူငယ်ချင်း တွေ လဲ ဖလား ကိုယ်စီ နှင့် ရေ ခပ် ချိုး ကြ တော့ ၏ ။ အတော် လဲ ဟုတ် တဲ့ မ အဝှာ တွေ ၊ အစ က တော့ ရေကူး တတ် သလို လို ဘာ လို လို နဲ့ ၊ မြစ်ဆိပ် လာ ပြီး ရေ မ ကူး ဘဲ ဖလား နှင့် ခပ် ချိုး နေ ကြ သော မ ဖြူ တို့ တစ် သိုက် ကို မြင် သူ အချို့ က ရယ် ကြ ၏ ။ အချို့ က ပြုံး ကြ ၏ ။ အချို့ က လက် တို့ ကာ ခပ်အုပ်အုပ် ရယ် ကြ ၏ ။ မ ဖြူ တို့ က သူ တို့ ဘယ်လို ပြော ပြော ဂရုမစိုက် ၊ ရေချိုး ရ ပြီး ရော ဟု သဘောထား ကြ ၏ ။	G11	Upper Secondary
ဝမ်း ရေး	မ ဖြူ ရေချိုး ပြီး အဝတ်အစား လဲ ၏ ။ ကမ်းနဖူး မှ ထိုင် ကာ မြစ်ပြင် သို့ မျှော် ကြည့် ၏ ။ မ ဖြူ ထိုင် နေ သော ဆိပ် တွင် ဆိုက် ထား သော မော်တော် တွေ ၊ သင်္ဘော တွေ မှာ မ နည်း ။ အထက် သို့ ဆန် တက် မည့် သင်္ဘော လည်း ပါ ၏ ။ အောက် သို့ စုန်ဆင်း မည့် သင်္ဘော လည်း ပါ ၏ ။ နာမည် တွေ က လည်း အမျိုးမျိုး ၊ အရောင်အသွေး က လည်း စုံ လှ ၏ ။ ခရီး သည် တွေ က သည် နာမည် တွေ ၊ အရောင် တွေ ကြည့် နေ ကြ သည် မ ဟုတ် ။ မိမိ သွား လို ရာ ထွက် မည့် မော်တော် သင်္ဘော တို့ ကို သာ စီး ကြ ပေ မည် ။ အလို - ဟို သင်္ဘော နောက် မှာ လူ တစ် ယောက် ပါ လား ။ ဘာ လုပ် နေ ပါ လိမ့် ။ ပန်းကန် အိုးခွက် တွေ ဆေး နေ တာ ကိုး ။ အနား က တစ် ယောက် က လဲ အဝတ်လျှော် လို့ ပါ လား ။ သူ တို့ ကား မြစ် စဉ် တစ် လျှောက် အစုန်အဆန် သင်္ဘော ပေါ် မှာ ပင် နေ ထိုင် စားသောက် ကြ သော သင်္ဘော သား များ ဖြစ် ၏ ။ သင်္ဘော သည် သူ တို့ ၏ အိပ်ရာ ၊ နေ ရာ ၊ စား ရာ ဖြစ် ၏ ။ ပျင်း စရာ ပဲ ကောင်း သေး တော့ ၊ တစ် မြို့ တစ် ရွာ ဆိုက် မှ ကုန်း ပေါ် တက် ကြ ရ ၏ ။ တစ် နေ့ လုံး တစ် ည လုံး သင်္ဘော ပေါ် မှာ ပင် နေ ကြ ရ ၏ ။ သူ တို့ လဲ ဘယ် နေ ချင် လိမ့် မ လဲ ။ ဝမ်း ရေး မို့ သာ အောင့်အည်း နေ ရ ခြင်း ဖြစ် ပေ လိမ့် မည် ။	G11	Upper Secondary
ဝမ်း ရေး	မြစ်လယ် မှာ လဲ ဖောင် ကြီး ပါ လား ။ အထက် က မျှောချ လိုက် သော ဖောင် ဖြစ် ပေ မည် ။ အလို - ဖောင် ပေါ် မှာ လဲ တဲ လေး တစ် လုံး ပါ လား ၊ တဲ ထဲ က လူ တစ် ယောက် ရွံ့ ထွက် လာ ၏ ။ ရှေ့ ခရီး ကို လှမ်း ၍ ကြည့် ၏ ။ ဘယ် အရပ် မှာ ဆိုက် မှာ ပါ လိမ့် ။ နေပူကျဲကျဲ ရေလယ်ခေါင် မှာ တရွေ့ရွေ့ နဲ့ မျော နေ လိုက် တာ အဖော် မ ပါ ။ ဖောင် သမား တစ် ယောက် ထဲ ပါ ၏ ။ ဖောင် ကြီး ကို ကြည့် ရင်း မ ဖြူ စိတ် မ ရှည် တော့ ပေ ။ မ ဖြူ စိတ် မ ရှည် ပေ မဲ့ ဖောင် သမား ကြီး က စိတ် ရှည် ရ ပေ မည် ။ သူ့ ဝမ်း ရေး ကိုး ။ ဘယ်လောက် နှေးနှေး .. ဘယ်လောက် ပျင်းပျင်း ဖောင် ကြီး ကို အိမ် လုပ် ၍ ခရီး ဆက် ရ ပေ ဦး မည် ။ နေ ပူပူ မိုးရွာ ရွာ သည် ဖောင် ပေါ် မှာ ပင် နေ ရ ပေ မည် ။ လေ ကျ လျှင် ဖောင် သမား တို့ အဖို့ ကြောက် စရာ ။ ယောက်ျား ဖောင် စီး ၊ မိန်းမ မီး နေ ဆို ထား ပေ မဲ့ ဖောင် သမား ကြီး ဂရုမစိုက် နိုင် ။	G11	Upper Secondary
ဝမ်း ရေး	ခပ်လှမ်းလှမ်း မှာ လဲ ငှက် က လေး တွေ ၊ သမ္ဗန် က လေး တွေ ပါ လား ၊ ရှေ့ လဲ မ တိုး ကြ ၊ နောက် လဲ မ ဆုတ် ကြ နဲ့ ဘယ် ခရီး များ သွား နေ ကြ တာ ပါ လိမ့် ။ ဪ ... ရေ ဆန် ကို သွား နေ တာ ကိုး ။ သေသေချာချာ ကြည့် မှ သမ္ဗန် လေး တွေ ရွေ့ နေ တာ ကို မြင် ရ ၏ ။ သမ္ဗန်သမား က အား စိုက် ၍ ကုန်း ကာ ကုန်း ကာ တက် နှင့် ခတ် ၏ ။ သမ္ဗန် လေး က မ ရွေ့ ချင် ရွေ့ ချင် နှင့် ရွေ့ နေ ရ ၏ ။ တစ်ခါတစ်ခါ နောက် သို့ ပင် ပြန် ရွေ့ လာ သည် ထင် ရ ၏ ။ သမ္ဗန် ထဲ မ လဲ ခရီး သည် တွေ အပြည့် ၊ ဘယ် များ သွား ကြ မ လို့ ပါ လိမ့် ။ ဒီ အတိုင်း ဆို ရောက် ကြ ပါ တော့ မ လား ။ မ ဖြူ မ ဆီ မ ဆိုင် ဝင် ပူ မိ ၏ ။ တစ် နေ့ တစ် လံ ပုဂံ ဘယ် မ ရွေ့ ဆို တဲ့ စကား ရှိ သား ပဲ ။ မ ဖြူ ပြန် ၍ အား တက် မိ ၏ ။ မ ဖြူ အား တက် ပေ မဲ့ သမ္ဗန်သမား ကြီး အား တက် ပုံ မ ပေါ် ။ ဘယ် အား တက် ပါ့ မ လဲ ၊ သူ့ ခမျာ ခတ် လိုက် ရ တာ မော ရှာ ပေ မ ပေါ့ ။ ဒီ ကြား ထဲ နေ က ပူ သေး ၊ သူ လည်း ဝမ်း ရေး အတွက် မို့ လှိုင်း မ ကြောက် လေ မ ကြောက် အလုပ် လုပ် နေ ရ ခြင်း ဖြစ် ပေ သည် ။	G11	Upper Secondary
ဝမ်း ရေး	တစ် ခေါက် တည်း သွား တာ မြင် ရ ရုံ နှင့် မ ဖြူ စိတ်ပျက် မိ ၏ ။ သို့သော် အခေါက်ခေါက်အခါခါ ရက် ဆက် လှော်ခတ် နေ ရ သော ငှက် သမား တွေ ၊ သမ္ဗန်သမား တွေ က တော့ စိတ် မ ပျက် နိုင် ကြ ။ စိတ်ပျက် ၍ လဲ မ ဖြစ် ။ သူ တို့ အဖို့ လဲ ဘဝ ရပ်တည် ရေး အတွက် ထိုက်တန် သော လုပ် အား ကို ပေး ရ မည် မ ဟုတ် ပါ လော ။	G11	Upper Secondary
ဝမ်း ရေး	အလို - ဟို အဘိုးကြီး နှစ် ယောက် မြစ် ထဲ ဆင်း ဘာ လုပ် နေ ကြ ပါ လိမ့် ။ မြစ် ထဲ ဆင်း တာ ခါး လယ် ထိ မြုပ် နေ လေ ပြီ ။ ခါး တွင် ခြင်း တစ် လုံး စီ ချိတ် လို့ ၊ လက် ထဲ မှာ လဲ ပိုက် တွေ နဲ့ ၊ ဩော် - ငါး ဖမ်း ကြ တာ ကိုး ၊ ငါး ဖမ်း လာ သူ တွေ ကို ကြည့် ပါ အုံး ။ အသက် က ငါးဆယ် ကျော် လောက် အင်္ကျီ မ ပါ ၊ အရောင် အကွက် မ ပေါ် တော့ သော ပုဆိုး များ ကို ဝတ် ထား ကြ ၏ ။ ခေါင်း တွင် လည်း ပုဆိုး တစ် ထည် စီ ကို ပေါင်း ထား ကြ ၏ ။ ငါး ဖမ်း ပုံ ကို ကြည့် ပါ အုံး ။ ရေ ထဲ ခါး လယ် ထိ မြုပ် အောင် ဆင်း ပြီး လက် ထဲ ကိုင် ထား သော ပိုက် ကို ဖြန့် ၍ ပစ် ချ လိုက် ၏ ။ အတန်ကြာ မှ တဖြည်းဖြည်း ပိုက် ကို စု ၍ ဆွဲ ယူ သည် ။ ပါ လာ သော ငါး သေး ငါး မွှား တို့ ကို လက် ဖြင့် နှိုက် ယူ ၍ ခါး ပေါ် ရှိ ခြင်း ထဲ ထည့် ၏ ။ ငါး များ မှာ ခြင်း ထဲ တဖျပ်ဖျပ် လူး နေ ၏ ။ အဖိုး အို တို့ မှာ အသက်အရွယ် ကြီး ရင့် ပြီ ဖြစ် သော်လည်း အေးဆေး စွာ မ နေ ရ ရှာ ။ ဝမ်း ရေး အတွက် ကြိုးပမ်း ဖြေရှင်း နေ ရ ရှာ ၏ ။	G11	Upper Secondary
ဝမ်း ရေး	အလို - ဆိပ်ကမ်း စပ် မှာ လဲ ဆူဆူညံညံ နဲ့ ။ ဩော် - - အဝတ်လျှော် လာ ကြ သူ တွေ ကိုး ။ အဝတ်ထုပ် ကြီး တွေ က ကြီး လှ ချည့် လား ။ အငှား ဖွပ် ကြ တာ ထင် ပါ ရဲ့ ။ ဘာ တွေ များ ဆူ နေ ကြ တာ လဲ ။ နေ ရာ လု ရင်း ရန် ဖြစ် နေ ကြ တာ ကိုး ။ နေ ရာ ကောင်း လို ချင် စောစော လာ ပေါ့ ။ နောက် မှ လဲ လာ သေး ။ သူ ဦး ထား တဲ့ နေ ရာ ဖယ် ပေး ရ မယ် လဲ ဆို သေး ။ မြစ်ဆိပ် များ သူ ပိုင် တာ မှတ် နေ ရော့ လား ။ ဟော - ခ ဝါ သည် တစ် ယောက် အဝတ်ထုပ် ကြီး ရွက် လို့ ပြန် သွား ပြီ ။ ခါး မှာ က လေး ငယ် လေး ချီ လို့ ပါ လား ။ အင်း လေ - က လေး နဲ့ မို့ အလုပ် မ လုပ် နိုင် လို့ လဲ ဖြစ် မှ မ ဖြစ် တာ ဘဲ ။ က လေး က တော့ ပျော် ဖို့ တစ် ခု သာ သိ ၏ ။ လူ ကြီး က တော့ ပျော် ဖို့ သတိ မ ရ အား ၊ ခ ဝါ အလုပ် နှင့် ဝမ်း ကျောင်း နေ ရ ၍ တစ် နေ့ ဖွပ် မှ တစ် နေ့ စား ရ ပေ မည် ။	G11	Upper Secondary
ဝမ်း ရေး	မ ဖြူ မြင်ကွင်း မှ လူ သား တို့ သည် လုပ် အား ကို ရင်း ၍ ဘဝ ကို ဆောက်တည် နေ ကြ ၏ ။ တစ်နည်းအားဖြင့် ဝမ်း ရေး အတွက် ထိုက်တန် သော လုပ် အား ကို ပေး နေ ရ ခြင်း ဖြစ် ၏ ။ သူ တို့ အတွက် နေ့စဉ် ရက် ဆက် ဝမ်း ရေး ကို ဖြေရှင်း ရန် နေ့စဉ် ရက် ဆက် အလုပ် လုပ် ကြ ရ ၏ ။ အလုပ် မ လုပ် က ဝမ်း ရေး လုံလောက် မည် မ ဟုတ် ။ စား ဝတ် နေ ရေး ပြဿနာ သုံး ရပ် တွင် လူ သား တို့ အတွက် အရေးကြီးဆုံး ပြဿနာ ရပ် မှာ စား ရေး ပင် ဖြစ် ပေ သည် ။ ခင် မော်မော် ( စိုက်ပျိုး ရေး တက္ကသိုလ် )	G11	Upper Secondary
လေ့ကျင့်ခန်း	၁ ။ မြစ် ကို အမှီပြု ပြီး ဝမ်း ရေး အတွက် လုပ်ကိုင် ရှာဖွေ နေ ကြ သူ များ အကြောင်း ကို ဖော်ပြ ပါ ။	G11	Upper Secondary
လေ့ကျင့်ခန်း	၂ ။ မြစ် ဆိပ်ကမ်း နှင့် မြစ် အတွင်း ဝမ်း ရေး အတွက် လုပ်ကိုင် နေ ကြ သူ များ အပေါ် ထား ရှိ သော စာ ရေး သူ ၏ စာနာ စိတ် ကို ဖော်ထုတ် တင်ပြ ပါ ။	G11	Upper Secondary
လေ့ကျင့်ခန်း	၃ ။ ' ဝမ်း ရေး ' ဟူသော ခေါင်းစဉ် သည် စာတမ်း နှင့် လိုက် ဖက် သည် ဟု သင် ထင် မြင် ပါ သလား ။ ရှင်းလင်း ဖြေ ဆို ပါ ။	G11	Upper Secondary
လေ့ကျင့်ခန်း	၄ ။ မြစ် ဆိပ်ကမ်း နှင့် မြစ်ပြင် ၏ မြင်ကွင်း သရုပ်ဖော် သည့် စာ ကြောင်း ၅ ကြောင်း ကို ထုတ်နုတ် ဆွေးနွေး ပါ ။	G11	Upper Secondary
လေ့ကျင့်ခန်း	၅ ။ ' မြစ်ပြင် ကျယ် မှာ ဝမ်းစာ ရှာ ' ဟူသော ခေါင်းစဉ် ဖြင့် စာ တစ် ပိုဒ် ဖန်တီး ရေး သား ပါ ။	G11	Upper Secondary
သန္နိဋ္ဌာန် ရဲ့ စွမ်းအား	အဲ သည် ရွာ ကျောင်း က လေး မှာ ဆောင်းတွင်း အနွေး ပေး သည့် ရှေး မီးဖို ကြီး တစ် ခု ရှိ သည် ။ ကျောက်မီးသွေး သုံး သည့် ဗိုက် အိုး ကျယ် သံ မီးဖို မျိုး ၊ ကောင် လေး တစ် ယောက် က နေ့စဉ် နံနက် စောစော လာ ပြီး မီးမွှေး ရ သည် ။ သူ့ ဆရာ နှင့် သူ့ အတန်းဖော် များ လာ လျှင် စာသင်ခန်း လေး နွေး နေ အောင် ပေါ့ ။	G11	Upper Secondary
သန္နိဋ္ဌာန် ရဲ့ စွမ်းအား	တစ် မနက် ကျောင်း တက် သူ တွေ လာ ကြ သည့် အချိန် မှာ တော့ .. စာသင်ကျောင်း က လေး မှာ မီး တွေ တဟုန်းဟုန်း တောက် နေ တာ တွေ့ ကြ ရ သည် ။ ကျောင်း ထဲ မှာ သတိ မေ့ နေ သည့် ကောင် လေး ကို သူ တို့ ဝိုင်းဝန်း ဆွဲ ထုတ် ကြ သည် ။ ကောင် လေး က သေ သလား ရှင် သလား မ ခွဲခြား နိုင် သည့် အနေအထား မျိုး ။ သူ့ ခန္ဓာကိုယ် အောက် ပိုင်း က မီး တွေ အကြီးအကျယ် လောင် ထား သည် ။ သူ့ ကို နီး ရာ နယ်မြေ ဆေးရုံ သို့ သယ်ယူ ခဲ့ ကြ သည် ။	G11	Upper Secondary
သန္နိဋ္ဌာန် ရဲ့ စွမ်းအား	ဆေးရုံ ခု တင် ပေါ် တွင် သတိလစ် တစ် ချက် မ လစ် တစ် ချက် ဖြစ် နေ သည့် ကြား က ကောင် လေး နား ထဲ မှာ ဆရာဝန် စကား သံ တွေ မ သဲ မ ကွဲ ကြား နေ သည် ။ ဆရာဝန် က သူ့ မိခင် အား သူ မ ၏ သား အသက် ရှင် စရာ လမ်း မ ရှိ သည့် အကြောင်း ၊ စင်စစ် ခန္ဓာကိုယ် အောက် ပိုင်း တစ် ခု လုံး ယခု လောက် ဆိုးဆိုးဝါးဝါး ကြီး လောင်ကျွမ်း ပျက်စီး သွား ပြီး နောက် တွင် တော့ အသက် ဆက် မ ရှင် တာ သည် ပင် ကောင်း သေး ကြောင်း ပြော ကြား နေ ခြင်း ဖြစ် သည် ။	G11	Upper Secondary
သန္နိဋ္ဌာန် ရဲ့ စွမ်းအား	သတ္တိ ကောင်း သည့် သည် ကောင် လေး က သေ ရ မှာ ကို အလို မ ရှိ ။ ငါ မ သေ ဘူး ၊ အသက် ရှင် ရ မယ် ဟု သူ အဓိဋ္ဌာန် ပြု သည် ။ တကယ် ပင် သူ အသက် ဆက် ရှင် လာ တော့ ဆရာဝန် အံ့အားသင့် ရ သည် ။ မ သေ နိုင် တော့ ဘူး ဆို တာ သေချာ သွား သည့် အချိန် ဆရာဝန် နှင့် သူ့ မိခင် ဆွေးနွေး ပြော ဆို နေ တာ သူ ကြား ရ ပြန် သည် ။ သူ့ ခန္ဓာကိုယ် အောက် ပိုင်း က အသား တွေ အမြောက်အမြား မီး ကြောင့် ပျက်စီး သွား ခဲ့ ပြီ ဖြစ် ရာ ခြေ နှစ် ချောင်း လုံး သုံး မ ရ တော့ သဖြင့် တစ်သက် လုံး မ စွမ်း မ သန် ဒုက္ခိတ ဘဝ ဖြင့် နေ သွား ရ လိမ့် မည် ဆို သည့် အကြောင်း ဖြစ် ၏ ။	G11	Upper Secondary
သန္နိဋ္ဌာန် ရဲ့ စွမ်းအား	သည် စကား ကြား ပြီး သည့် နောက် ကောင် လေး တစ် ကြိမ် ထပ် ၍ အဓိဋ္ဌာန် ပြု သည် ။ ငါ လမ်းလျှောက် နိုင် ရ မယ် ။ ဒုက္ခိတ ဘဝ လုံးဝ မ ရောက် စေ ရ ဟူ၍ ။	G11	Upper Secondary
သန္နိဋ္ဌာန် ရဲ့ စွမ်းအား	သို့သော် အဓိဋ္ဌာန် ပြု မည့် သာ ပြု ရ သည် ။ ခါး အောက် ပိုင်း တစ် ခု လုံး က အသက် မ ဝင် ၊ လှုပ်ရှား နိုင် စွမ်း မ ရှိ ဖြစ် နေ သည် ။ ကြုံလှီ သေးကွေး သော ခြေထောက် နှစ် ချောင်း က အောက် ဘက် မှာ တွဲလောင်း က လေး ။ သည် လို ဖြင့် နောက် ၌ သူ ဆေးရုံ မှ ဆင်း ခွင့် ရ ခဲ့ သည် ။ အိမ် တွင် အမေ က သူ့ ခြေထောက် က လေး တွေ ကို နေ့စဉ် နှိပ်နယ် ပေး သည် ။ သို့သော် ခြေထောက် တွေ က ဘာ ခံစား မှု မျှ မ ရှိ ၊ ဘယ်လို မှ လည်း လှုပ်ရှား ခိုင်း ၍ မ ရ ၊ လုံးဝ အသုံးမကျ ဖြစ် နေ သည် ။	G11	Upper Secondary
သန္နိဋ္ဌာန် ရဲ့ စွမ်းအား	သို့သော် လမ်း ထ လျှောက် နိုင် ရ မည် ဟူသော သန္နိဋ္ဌာန် က ခိုင်မာ မြဲ ခိုင်မာ ဆဲ ပင် ။	G11	Upper Secondary
သန္နိဋ္ဌာန် ရဲ့ စွမ်းအား	အိမ် ၌ သူ့ ကို အိပ်ရာ ထဲ ထား လျှင် ထား ၊ မ ဟုတ် လျှင် ဘီးတပ် ကုလားထိုင် ၌ ထား လေ့ ရှိ သည် ။ နေ သာ သော တစ် နေ့ အမေ က သူ့ ကို လေ ကောင်း လေ သန့် ရှူ ရ အောင် ဟူ၍ ခြံ ထဲ တွန်း ယူ သွား ပြီး ထား သည် ။ အဲ သည် နေ့ မှာ သူ က ကုလားထိုင် ချည်း ထိုင် မ နေ တော့ ဘဲ အောက် သို့ လှိမ့် ၍ ဆင်း သည် ။ အဲ သည် နောက် ခြေထောက် နှစ် ချောင်း ကို ဒရွတ် ဆွဲ ကာ မြက်ခင်း မှာ ဝမ်းလျား ထိုး ၍ သွား သည် ။	G11	Upper Secondary
သန္နိဋ္ဌာန် ရဲ့ စွမ်းအား	သူ တို့ မြေကွက် ကို ကာရံ ထား သည့် အဖြူ ရောင် ခြံစည်းရိုး တန်း ဆီ ရောက် အောင် အား ခဲ ပြီး သူ သွား သည် ။ သည့် နောက် တွင် ခဲယဉ်း ပင်ပန်း စွာ အား ထုတ် ကြိုးပမ်း ကာ သူ့ ကိုယ် သူ ခြံစည်းရိုး မှာ တွဲ ပြီး ထူ သည် ။ ပြီး လျှင် ငါ လမ်းလျှောက် နိုင် ရ မည် ဟူသော အားမာန် ဖြင့် စည်းရိုး တန်း တစ် လျှောက် သည် တစ် တိုင် မှ ဟို တစ် တိုင် ဒရွတ်တိုက် လျက် ရွှေ့ သည် ။ အဲ သည် မှ စတင် ကာ နေ့စဉ်နေ့တိုင်း သည် အတိုင်း ကြိုးစား အား ခဲ ၍ လုပ် ရာ ခြံစည်းရိုး တန်း နံဘေး တစ် လျှောက် တွင် ချောမွတ် ညီညာ သော လမ်း ကြောင်း တစ် ခု ပင် ထင် လာ သည် ။ သူ့ အဖို့ လောက ၌ သူ့ ခြေထောက် နှစ် ချောင်း အသက် ဝင် လာ အောင် လေ့ကျင့် ၍ ပျိုးထောင် ဖို့ ထက် ပို ၍ ထက်သန် လို လား အပ် သော အရာ မ ရှိ ခဲ့ ပေ ။	G11	Upper Secondary
သန္နိဋ္ဌာန် ရဲ့ စွမ်းအား	သို့ နှင့် နောက်ဆုံး ၌ နေ့စဉ် နှိပ်နယ် ကုသ မှု ၊ မဆုတ်မနစ် သော စိတ် ဇွဲ နှင့် ခိုင်မာ သော သန္နိဋ္ဌာန် တို့ ဖြင့် ကြိုးစား အား ထုတ် မှု များ ကြောင့် သူ မတ်တတ်ရပ် နိုင် လာ သည် ။ သည် နောက် တွင် ထော့ တီး ထော့ နဲ့ လမ်းလျှောက် နိုင် လာ သည် ။ အဲ သည် နောက် လွတ် လွတ် ကျွတ်ကျွတ် ။ အဲ သည် နောက် တွင် ကား ပြေး နိုင် လာ လေ သည် ။ သူ ကျောင်း သို့ လမ်းလျှောက် သွား သည် ။ သည် နောက် ပြေး သွား သည် ။ နောက် တွင် မူ ပြေး ရ သည် ကို နှစ်သက် ခြင်း သက်သက် အတွက် ကြောင့် ပင် လျှောက် ၍ ပြေး လေ တော့ သည် ။	G11	Upper Secondary
သန္နိဋ္ဌာန် ရဲ့ စွမ်းအား	ကောလိပ် ကျောင်း ရောက် သည့် အခါ ပြေးခုန်ပစ် အား က စား အဖွဲ့ ထဲ မှာ သူ ပါ လာ သည် ။ နောက် တွင် မူ တစ် ချိန် သောအခါ က အသက် ပင် ရှင် မှာ မ ဟုတ် ဘူး ဟု ထင် ခဲ့ ရ သော ၊ အသက် ရှင် သည့် တိုင် ဘယ် နည်း နှင့် မျှ လမ်းလျှောက် နိုင် မည် မ ဟုတ် ဟု ယူဆ ခဲ့ ရ သော ပြေး နိုင် ဖို့ ဆို သည် ကို ကား နည်းနည်း မျှ ပင် မျှော်လင့် ၍ မ ရ နိုင် ခဲ့ သော အလွန် ဇွဲ ကြီး လှ သည့် ထို ကောင် လေး ဂ လင် ကန် နင် ဟမ် သည် တစ် ဖက် က ပညာ ရေး ဘက် တွင် အောင်မြင် ကာ ဒေါက်တာ ဂ လင် ကန် နင် ဟမ် ဟူ၍ ဖြစ် လာ သည့် ပြင် တစ် မိုင် အဝေး ကို ကမ္ဘာ ပေါ် တွင် အမြန်ဆုံး ပြေး နိုင် သူ အဖြစ် လည်း နယူးယောက် မြို့ မေ ဒီ ဆင် စကွဲယား ပန်းခြံ ကြီး ထဲ တွင် စံချိန်တင် ပြေး ပြ နိုင် ခဲ့ ပေ သည် ။ ဖေမြင့်	G11	Upper Secondary
လေ့ကျင့်ခန်း	၁ ။ ‘ သန္နိဋ္ဌာန် ရဲ့ စွမ်းအား ' ရ သ စာတမ်း ၏ ရည်ရွယ် ချက် ကို ဖော်ပြ ပါ ။ စာ ရေး သူ က မည် သို့ သော ရည်ရွယ် ချက် ဖြင့် ရေး သား ခဲ့ သည် ဟု ယူဆ သနည်း ။	G11	Upper Secondary
လေ့ကျင့်ခန်း	၂ ။ ' သန္နိဋ္ဌာန် ရဲ့ စွမ်းအား ’ ရ သ စာတမ်း က ပေး သော အတွေးအမြင် များ ကို ဆွေးနွေး ပါ ။	G11	Upper Secondary
လေ့ကျင့်ခန်း	၃ ။ ဂ လင် ကန် နင် ဟမ် သည် အဘယ် ကြောင့် အောင်မြင် သည့် အပြေး သမား တစ် ယောက် ဖြစ် လာ သနည်း ။	G11	Upper Secondary
လေ့ကျင့်ခန်း	၄ ။ ဒုက္ခိတ ဘဝ မှ အပြေး သမား တစ် ယောက် ဖြစ် လာ သည် အထိ အဓိဋ္ဌာန် ပြု ပုံ ၊ သန္နိဋ္ဌာန်ချ ပုံ အဆင့်ဆင့် ကို စာ ရေး သူ က မည် သို့ ရေး ဖွဲ့ သနည်း ။	G11	Upper Secondary
လေ့ကျင့်ခန်း	၅ ။ အောက် ပါ တို့ ကို အသုံးပြု ပြီး အဓိပ္ပာယ် ပြည့်စုံ သော စာ တစ် ပိုဒ် ဖွဲ့ ပါ ။ တဟုန်းဟုန်း တောက် ၊ အကြီးအကျယ် လောင် ၊ မ သဲ မ ကွဲ ကြား ၊ အလွန် ဇွဲ ကြီး ၊ လွတ် လွတ် ကျွတ်ကျွတ် ၊ မဆုတ်မနစ် သော စိတ် ဇွဲ ၊ ခိုင်မာ သော သန္နိဋ္ဌာန် ၊	G11	Upper Secondary
ကျောင်း သုံး စာအုပ် မြန်မာ စကားပြေ ဧကာဒသမ တန်း	သင်ကြား မှု သင်ယူ မှု ပြု သူ တစ် ဦး ချင်း အတွက် ပညာ ရေး သင်ထောက်ကူ အဖြစ် မျှဝေ ပါ သည် ။ စီးပွား ရေး အကျိုးအမြတ် အတွက် အသုံးပြု လို ပါ လျှင် သက်ဆိုင်ရာ သင်ရိုးညွှန်းတမ်း ကော်မတီ ထံ တွင် ခွင့်ပြု ချက် ရ ယူ ရန် ဖြစ် ပါ သည် ။	G11	Upper Secondary
