Title	Text	Grade	Level
ပြည်ထောင်စု သမ္မတ မြန်မာ နိုင်ငံတော် အစိုးရ 	ပညာရေး ဝန်ကြီး ဌာန ဒုတိယ တန်း မြန်မာ ဖတ်စာ ၂၀၁၈ - ၂၀၁၉ မြန်မာ နိုင်ငံ ပညာရေး ဝန်ကြီးဌာန ၏ အခြေခံ ပညာ မူလတန်း သင်ရိုးညွှန်းတမ်း အသစ် များ ရေးဆွဲ ပြုစု အကောင်အထည်ဖော် ဆောင်ရွက် မှု လုပ်ငန်း တွင် ဂျပန် နိုင်ငံတကာ ပူးပေါင်း ဆောင်ရွက် ရေး အေဂျင်စီ ( JICA ) က နည်းပညာ ပံ့ပိုး ကူညီ မှု ပေး ပါ သည် ။	G2	Primary
မာတိကာ 	အခန်း သင်ခန်းစာ ၁ အသတ် လက္ခဏာ သိ မှတ် စရာ ဗျည်း နဲ့ တွဲ ကြ မှာ ( ၁ ) ၂ အသတ် လက္ခဏာ သိ မှတ် စရာ ဗျည်း နဲ့ တွဲ ကြ မှာ ( ၂ ) ၃ အသတ် လက္ခဏာ သိ မှတ် စရာ ဗျည်း နဲ့ တွဲ ကြ မှာ ( ၃ ) ၄ အသတ် လက္ခဏာ သိ မှတ် စရာ ဗျည်း နဲ့ တွဲ ကြ မှာ ( ၄ ) ၅ အသတ် လက္ခဏာ သိ မှတ် စရာ ဗျည်း နဲ့ တွဲ ကြ မှာ ( ၅ ) ၆ အသတ် လက္ခဏာ သိ မှတ် စရာ ဗျည်း နဲ့ တွဲ ကြ မှာ ( ၆ ) ၇ အသတ် လက္ခဏာ သိ မှတ် စရာ ဗျည်း နဲ့ တွဲ ကြ မှာ ( ၇ ) ၈ ပုံ ပြော ကြ မယ် နားထောင် ကွယ် စာလုံးဆင့် လည်း သင် ကြ မယ် ၉ ကိုယ့် အကြောင်း ကလေး တွေ ပြော ကာရယ် စာပိုဒ် ကလေး တွေ ရေး ကြ မယ် ၁၀ ဖတ်စာကလေး တွေ ဖတ် ကာရယ် ပျော်ပျော်ရွှင်ရွှင် စာသင် မယ် ၁၁ ပုံပြင် ကလေး တွေ ပြော ကာရယ် ဗဟုသုတ ရှာ ကြ မယ် စာမျက်နှာ ပုံ ပြ အဘိဓာန်	G2	Primary
အခန်း ၁	၁ ။ အသတ် လက္ခဏာ သိ မှတ် စရာ ဗျည်း နဲ့ တွဲ ကြ မှာ ( ၁ ) အသတ် လက္ခဏာ သိ မှတ် စရာ ဗျည်း နဲ့ တွဲ ကြ မှာ ( ၁ )	G2	Primary
( က ) နွေရာသီ ကျောင်းပိတ်ရက် 	ကလေး တို့ နွေရာသီ ကျောင်းပိတ်ရက် မှာ ပျော် ခဲ့ ကြ ရဲ့ လား	G2	Primary
( က ) နွေရာသီ ကျောင်းပိတ်ရက် 	ဘာ တွေ လုပ် ခဲ့ ကြ သလဲ ဘယ် ကို သွား ခဲ့ သလဲ ။ ဘယ်သူ နဲ့ သွား ခဲ့ သလဲ ။ ဘာ နဲ့ သွား ခဲ့ သလဲ ။ ဘယ်တုန်း က သွား ခဲ့ သလဲ ။	G2	Primary
( က ) နွေရာသီ ကျောင်းပိတ်ရက် 	ကျောင်းပိတ်ရက် မှာ မိဘ တွေ ကို ဘယ်လို ကူညီ ခဲ့ ကြ သလဲ ။ ဘယ် နေရာ တွေ ကို သွား ခဲ့ ကြ သလဲ ။ သင်္ကြန် ပွဲ မှာ တော်တော် ပျော် ခဲ့ ကြ ရဲ့ လား ။	G2	Primary
၁ ။ အသတ် လက္ခဏာ သိ မှတ် စရာ ဗျည်း နဲ့ တွဲ ကြ မှာ ( ၁ ) 	ဆရာမ က ပုံ ဆွဲ ပြ မယ် ပြီးရင် ကလေး တို့ လဲ ဆွဲ ရ မယ် နော်	G2	Primary
၁ ။ အသတ် လက္ခဏာ သိ မှတ် စရာ ဗျည်း နဲ့ တွဲ ကြ မှာ ( ၁ ) 	ကလေး တို့ ဆွဲ ထား တဲ့ ပုံ လေး အကြောင်း သူငယ်ချင်း တွေ ကို ပြန် ပြော ပြ ပါ အုံး	G2	Primary
( ခ ) တော ကြီး ထဲ က ဆင် ( ကဗျာ ) 	တော ကြီး ထဲ က ဆင် ငသတ် သတ် လို့ ဆွဲ ကာ ငင် တော ကြီး ထဲ က ဆင် ။ ဆင် ဆင့် ဆင်း လျှိုမြောင် တွင်း ဝါးရုံတော ကို နင်း ။ နင် နင့် နင်း ဆင် ဆင့် ဆင်း ။ တင်မိုး	G2	Primary
တော ကြီး ထဲ က ဆင် 	ဟန် အမူအရာ နဲ့ ဆို နိုင် ကြ ရဲ့ လား	G2	Primary
(ဂ) အင် ( - င် ) အင့် ( - ) အင်း ( - င်း ) အသတ် များ သင်ကြား ကြ စို့ လား 	အင် အင့် အင်း -င် -င့် -င်း -ဉ -ဉ့် -ဉ်း ဆင် ဆင့် ဆင်း တင် တင့် တင်း ထင် ထင့် ထင်း နင် နင့် နင်း ပင် ပင့် ပင်း စဉ် စဉ့် စဉ်း ကျင် ကျင့် ကျင်း မြင် မြင့် မြင်း ခွင် ခွင်း	G2	Primary
စာ လုံး ကလေး တွေ ထောက် ကာ ရယ် ဖတ် ကြည့် ရေး ကြည့် မယ် ။ 	ပင် ပင့် ပင်း စဉ် စဉ့် စဉ်း	G2	Primary
ရုပ်ပုံ ကလေး တွေ ကြည့် ကာ ရယ် ရွတ်ဆို ရေး ကြည့် မယ် ။ 	မြင်း တံစဉ် ဆင် နှင်းဆီပွင့် ရေအိုးစင် ထမင်း လယ်ကွင်း ပုစဉ်း သဇင် ထင်း စင်မြင့် ဆီးနှင်း ယဉ်ကျေး မိခင် ဖခင် သူငယ်ချင်း ငါး ရှဉ့် မြေပြင် ပျဉ်ပြား ရှင်းလင်း အချိုအချဉ် အလေ့အကျင့်	G2	Primary
စကားလုံး ကလေး တွေ စီ ကာ ရယ် ရွတ်ဆို ရေး ကြည့် မယ် ။ 	မိုး စင်စင် လင်း ပြီ ။ ပြတင်း များ ဖွင့် ထား ပါ ။ သတင်းစာ နေ့စဉ် ကြည့်ရှု ပါ ။ သတင်း ထူး လျှင် ပြော ပါ ။	G2	Primary
စကားလုံး ကလေး တွေ စီ ကာ ရယ် ရွတ်ဆို ရေး ကြည့် မယ် ။ 	တွင်း ရေ ကြည်လင် ၏ ။ ရေ ငင် နေ သလား ။ ရေအိုး ကို ပင့် ပေး ပါ ။ အချင်းချင်း ကူညီ ရ မည် ။	G2	Primary
စကားလုံး ကလေး တွေ စီ ကာ ရယ် ရွတ်ဆို ရေး ကြည့် မယ် ။ 	ပညာ ရှိ နှင့် ယှဉ်တွဲ ပါ ။ စဉ်းစား တွေး ခေါ် ဆင်ခြင် ပါ ။ ယဉ်ယဉ်ကျေးကျေး ပြော ဆို ပါ ။ စည်းမျဉ်း စည်းကမ်း ကို လေးစား ပါ ။	G2	Primary
စကားလုံး ကလေး တွေ စီ ကာ ရယ် ရွတ်ဆို ရေး ကြည့် မယ် ။ 	လယ် ကွင်း ပြင် မှာ ရေ ဖွေးဖွေး ပျိုမေလေး များ လယ် ထဲ ဆင်း ကြ မည် ။ ပျော်ပျော်ရွှင်ရွှင် သီချင်း ဆို ကြ ၏ ။ ပျိုးပင် များ သယ် လာ ကြ သည် ။	G2	Primary
စကားလုံး အမှန် ရွေး ပါ ။ 	( က ) အစာ များ ကို ( ယင် ၊ ယဉ် ) မ နား ပါ စေ နဲ့ ။ ( ခ ) စကား ကို (ညင်ညင် ၊ ဉာဉ်ဉာဉ်) သာသာ ပြော ပါ ။ (ဂ) ( စဉ့် ၊ စင့် ) အိုး ထဲ မှာ ရေ အပြည့် ရှိ တယ် ။ (ဃ) အချင်းချင်း ( ရိုင်းပင်း ၊ ယိုင်းပင်း) ကူညီ ပါ ။ (င) ဒီ အသီး က ( ချဉ် ၊ ချင် ) လိုက် တာ ။	G2	Primary
(ဃ) အောင် ( တောင် ) အောင့် ( ထောင့် ) အောင်း ( ကောင်း ) အသတ် များ သင်ကြား ကြ စို့ လား 	အောင် အောင့် အောင်း ေ-ာင် ေ-ာင့် ေ-ာင်း	G2	Primary
(ဃ) အောင် ( တောင် ) အောင့် ( ထောင့် ) အောင်း ( ကောင်း ) အသတ် များ သင်ကြား ကြ စို့ လား 	စောင် စောင့် စောင်း ဆောင် ဆောင့် ဆောင်း တောင် တောင့် တောင်း ထောင် ထောင့် ထောင်း ရောင် ရောင့် ရောင်း	G2	Primary
(ဃ) အောင် ( တောင် ) အောင့် ( ထောင့် ) အောင်း ( ကောင်း ) အသတ် များ သင်ကြား ကြ စို့ လား 	ကြောင် ကြောင့် ကြောင်း ဖြောင် ဖြောင့် ဖြောင်း မြောင် မြောင်း နှောင် နှောင့် နှောင်း မြှောင် မြှောင့် မြှောင်း	G2	Primary
စာ လုံး ကလေး တွေ ထောက် ကာ ရယ် ဖတ် ကြည့် ရေး ကြည့် မယ် ။ 	စောင် စောင့် စောင်း ဖြောင် ဖြောင့် ဖြောင်း	G2	Primary
ရုပ်ပုံ ကလေး တွေ ကြည့် ကာ ရယ် ရွတ်ဆို ရေး ကြည့် မယ် ။ 	စာသင် ကျောင်း ခေါင်းလောင်း ကျောင်းသား လှောင်အိမ် မောင်း စောင်း ကြောင် ပြောင်းဖူး ပင် ဝါးဖောင်	G2	Primary
ရုပ်ပုံ ကလေး တွေ ကြည့် ကာ ရယ် ရွတ်ဆို ရေး ကြည့် မယ် ။ 	အောင်မြင် ပျော့ပျောင်း ဖြောင့်ဖြောင့် သူရဲကောင်း ပြည်ထောင်စု ခြင်းတောင်း ကောင်းကင် ဆောင်းရာသီ ခေါင်းဆောင် အပေါင်းအဖော်	G2	Primary
စကားလုံး ကလေး တွေ စီ ကာ ရယ် ရွတ်ဆို ရေး ကြည့် မယ် ။ 	ပြည်ထောင်စုသား ညီနောင် များ တို့ ကောင်းစား စေ ကြောင်း အားဖြည့်လောင်း ၍ စုပေါင်း ညီညာ ကြိုးပမ်း ပါ ။	G2	Primary
စကားလုံး ကလေး တွေ စီ ကာ ရယ် ရွတ်ဆို ရေး ကြည့် မယ် ။ 	ရွာ နံဘေး က ချောင်း ကလေး လောင်းလှေ ကို လှော် ကြ မည် ။ ဖောင် မျှော လာ သည် ။ သဲ သောင် ကို ရှောင် ပါ ။	G2	Primary
စကားလုံး ကလေး တွေ စီ ကာ ရယ် ရွတ်ဆို ရေး ကြည့် မယ် ။ 	စာကြောင်း ကို ဖြောင့် အောင် ရေး ပါ ။ မ စောင်း ပါ စေ နှင့် ။ အရေးအသား ကောင်း အောင် ကြိုးစား ပါ ။ အစ ကောင်း မှ အနှောင်း သေချာ မည် ။	G2	Primary
စကားလုံး ကလေး တွေ စီ ကာ ရယ် ရွတ်ဆို ရေး ကြည့် မယ် ။ 	ကျောင်းသား လူငယ် များ ရိုးသား ဖြောင့်မှန် ကြ သည် ။ အများ အကျိုးဆောင် ကြ ၏ ။ ချီးကျူး စရာ ကောင်း သည် ။	G2	Primary
ကွက်လပ် ဖြည့် ကြ ရ အောင် ။ 	စုပေါင်း ဖြောင့်တန်း ဝါးဖောင် စောင်းသံ မီးဖိုချောင်	G2	Primary
ကွက်လပ် ဖြည့် ကြ ရ အောင် ။ 	( က ) ရွာ လမ်း ကလေး ____ နေ သည် ။	G2	Primary
ကွက်လပ် ဖြည့် ကြ ရ အောင် ။ 	( ခ ) ဟို မှာ ____ မျော နေ တယ် ။	G2	Primary
ကွက်လပ် ဖြည့် ကြ ရ အောင် ။ 	( ဂ ) မေမေ ____ မှာ မီးမွှေး နေ သည် ။	G2	Primary
ကွက်လပ် ဖြည့် ကြ ရ အောင် ။ 	(ဃ) မမ ရဲ့ ____ က သာယာ တယ် ။	G2	Primary
ကွက်လပ် ဖြည့် ကြ ရ အောင် ။ 	(င) ကျောင်း မှာ ____ သန့်ရှင်းရေး လုပ် ကြ မယ် ။	G2	Primary
(င) ဆယ့်နှစ်လရာသီ ပွဲတော် များ 	၁ ။ တန်ခူးလ သင်္ကြန်ပွဲ	G2	Primary
(င) ဆယ့်နှစ်လရာသီ ပွဲတော် များ 	၂ ။ ကဆုန်လ ညောင်ရေသွန်းပွဲ	G2	Primary
(င) ဆယ့်နှစ်လရာသီ ပွဲတော် များ 	၃ ။ နယုန်လ စာပြန်ပွဲ	G2	Primary
(င) ဆယ့်နှစ်လရာသီ ပွဲတော် များ 	၄ ။ ဝါဆိုလ ဝါဆိုပွဲ	G2	Primary
(င) ဆယ့်နှစ်လရာသီ ပွဲတော် များ 	၅ ။ ဝါခေါင်လ စာရေးတံပွဲ	G2	Primary
(င) ဆယ့်နှစ်လရာသီ ပွဲတော် များ 	၆ ။ တော်သလင်းလ လှေပြိုင်ပွဲ	G2	Primary
(င) ဆယ့်နှစ်လရာသီ ပွဲတော် များ 	၇ ။ သီတင်းကျွတ်လ မီးထွန်းပွဲ	G2	Primary
(င) ဆယ့်နှစ်လရာသီ ပွဲတော် များ 	၈ ။ တန်ဆောင်မုန်းလ ကထိန်ပွဲ	G2	Primary
(င) ဆယ့်နှစ်လရာသီ ပွဲတော် များ 	၉ ။ နတ်တော်လ စာဆိုတော်ပွဲ စာဆိုတော်နေ့ ဟောပြောပွဲ	G2	Primary
(င) ဆယ့်နှစ်လရာသီ ပွဲတော် များ 	၁၀ ။ ပြာသိုလ မြင်းခင်းပွဲ	G2	Primary
(င) ဆယ့်နှစ်လရာသီ ပွဲတော် များ 	၁၁ ။ တပို့တွဲလ ထမနဲပွဲ	G2	Primary
(င) ဆယ့်နှစ်လရာသီ ပွဲတော် များ 	၁၂ ။ တပေါင်းလ သဲပုံစေတီပွဲ	G2	Primary
အခန်း ၂	အသတ် လက္ခဏာ သိ မှတ် စရာ ဗျည်း နဲ့ တွဲ ကြ မှာ ( ၂ ) ( က ) မေ့သားလှ ( ကဗျာ )	G2	Primary
မေ့ သား လှ 	ခေါင်းလောင်းသံ ဒေါင်ဒေါင်ဒင် ကျောင်း တက် ချိန် မို့ ပင် ၊ စာသင် သမျှ နားထောင် ကြ ဒါမှ မေ့သားလှ ။ ခေါင်းလောင်းသံ ဒေါင်ဒေါင်ဒင် ကျောင်း ဆင်း ချိန် မို့ ပင် ၊ အတန်း စဉ် ကာ အိမ် ပြန် ရ ဒါ မှ မေ့သားလှ ။ တင်မိုး	G2	Primary
မေ့ သား လှ 	ဟန် အမူအရာ နဲ့ ဆို နိုင် ကြ ရဲ့ လား	G2	Primary
( ခ ) အိုင် ( - ိုင် ) အိုင့် ( - ိုင့် ) အိုင်း ( - ို င်း ) အသတ် များ သင်ကြား ကြ စို့ လား 	အိုင် အိုင့် အိုင်း - ိုင် - ိုင့် - ိုင်း	G2	Primary
( ခ ) အိုင် ( - ိုင် ) အိုင့် ( - ိုင့် ) အိုင်း ( - ို င်း ) အသတ် များ သင်ကြား ကြ စို့ လား 	ကိုင် ကိုင်း ခိုင် ခိုင်း ဆိုင် ဆိုင်း တိုင် တိုင်း မိုင် မိုင်း	G2	Primary
( ခ ) အိုင် ( - ိုင် ) အိုင့် ( - ိုင့် ) အိုင်း ( - ို င်း ) အသတ် များ သင်ကြား ကြ စို့ လား 	ချိုင် ချိုင့် ချိုင်း ပြိုင် ပြိုင်း မြိုင် မြိုင်း မှိုင် မှိုင်း လှိုင် လှိုင်း	G2	Primary
စာလုံး ကလေး တွေ ထောက် ကာ ရယ် ဖတ် ကြည့် ရေး ကြည့် မယ် ။ 	ကိုင် ကိုင်း ချိုင် ချိုင်း	G2	Primary
ရုပ်ပုံ ကလေး တွေ ကြည့် ကာ ရယ် ရွတ်ဆို ရေး ကြည့် မယ် ။ 	ရေလှိုင်း ပန်းခိုင် ဗျိုင်း စတိုးဆိုင် ထမင်းချိုင့် ရေအိုင် ထိုင်ခုံ မနောတိုင်	G2	Primary
ရုပ်ပုံ ကလေး တွေ ကြည့် ကာ ရယ် ရွတ်ဆို ရေး ကြည့် မယ် ။ 	ပြိုင်ပွဲ ဗိုင်းငင့် ပန်းတိုင် နှိုင်းယှဉ် တိုင်းပြည် နိုင်ငံတော် ကြံ့ခိုင် ကိုင်းပင် မွှေးကြိုင် တောမြိုင် မြိုင်မြိုင်ဆိုင်ဆိုင်	G2	Primary
စကားလုံး ကလေး တွေ စီ ကာ ရယ် ရွတ်ဆို ရေး ကြည့် မယ် ။ 	လမ်းဘေး က ရေအိုင် သည် အိုင် က ခြင် လာ သည် ။ ခြင် နိုင် ဆေး ဖျန်း ပါ ။ လူတိုင်း မှာ တာဝန် ရှိ သည် ။	G2	Primary
စကားလုံး ကလေး တွေ စီ ကာ ရယ် ရွတ်ဆို ရေး ကြည့် မယ် ။ 	ကျောင်း အားကစား ပြိုင်ပွဲ အတန်းတိုင်း က ဝင်ပြိုင် သည် ။ ကျန်းမာ ကြံ့ခိုင် တို့ ယှဉ်ပြိုင် အောင် နိုင်သူ ကို ဆု ပေး မည် ။	G2	Primary
စကားလုံး ကလေး တွေ စီ ကာ ရယ် ရွတ်ဆို ရေး ကြည့် မယ် ။ 	အမိ မြန်မာ နိုင်ငံတော် တိုင်းရင်းသား များ စုပေါင်း နေထိုင် ကြ ၏ ။ အချင်းချင်း ကူညီရိုင်းပင်း ကြ ၏ ။ ဝိုင်းဝန်း ထမ်းဆောင် ကြံ တိုင်း အောင် ။	G2	Primary
စကားလုံး ကလေး တွေ စီ ကာ ရယ် ရွတ်ဆို ရေး ကြည့် မယ် ။ 	မိုး ဖြိုင်ဖြိုင် ရွာ ပြီ ။ တောရိုင်း ကို ရှင်း ပါ ။ မြေဩဇာ နိုင်နိုင် ထည့် ပါ ။ အပင် များ ထွားကျိုင်း မည် ။ အသီး လှိုင်လှိုင် ပေါ မည် ။	G2	Primary
ကွက်လပ် ဖြည့် ကြ ရ အောင် ။ 	တိုင်းရင်းသား မွှေးကြိုင် ဆိုင်းဝိုင်း ထွားကျိုင်း ကိုင်းရှိုင်း ( က ) မြန်မာ နိုင်ငံ တွင် ____ များ စုပေါင်း နေထိုင် ကြ သည် ။ ( ခ ) အလှူ ပွဲ တွင် မြန်မာ့ ____ ဖြင့် ဧည့်ခံ လေ့ ရှိ သည် ။ (ဂ) မမ ရဲ့ သား ကလေး သန်မာ ____ တယ် ။ (ဃ) စံပယ်ပန်း များ ____ နေ သည် ။ (င) ဘာသာ တရား ကို ရိုသေ ____ ပါ ။	G2	Primary
(ဂ) အိန် ( - ိန်) အိန့် (- ိန့် ) အိန်း ( - ိန်း ) အသတ် များ သင်ကြား ကြ စို့ လား 	အိန် အိန့် အိန်း - ိန် - ိန့် - ိန်း - ိမ်ိ - ိမ့် - ိမ်း	G2	Primary
(ဂ) အိန် ( - ိန်) အိန့် (- ိန့် ) အိန်း ( - ိန်း ) အသတ် များ သင်ကြား ကြ စို့ လား 	ထိန် ထိန့် ထိန်း မိန် မိန့် မိန်း စိမ် စိမ့် စိမ်း လိမ် လိမ့် လိမ်း သိမ် သိမ့် သိမ်း	G2	Primary
(ဂ) အိန် ( - ိန်) အိန့် (- ိန့် ) အိန်း ( - ိန်း ) အသတ် များ သင်ကြား ကြ စို့ လား 	ချိန် ချိန်း ကြိမ် ကြိမ်း ငြိမ် ငြိမ့် ငြိမ်း မှိန် မှိန်း နှိမ် နှိမ်း	G2	Primary
စာ လုံး ကလေး တွေ ထောက် ကာ ရယ် ဖတ် ကြည့် ရေး ကြည့် မယ် ။ 	ထိန် ထိန့် ထိန်း ငြိမ် ငြိမ့် ငြိမ်း	G2	Primary
ရုပ်ပုံ ကလေး တွေ ကြည့် ကာ ရယ် ရွတ်ဆို ရေး ကြည့် မယ် ။ 	မုန့်ကြိုးလိမ် ချိန်ခွင် နေအိမ် မိုးတိမ် ကြိမ်ခြင်း စိန်ပန်းပင် ပုသိမ်ထီး မိုးခြိမ်း ဖြီးလိမ်း ပန်းထိမ် ထိန်းသိမ်း နံ့သာလိမ်း ကြိမ်းမောင်း ချိန်းဆို ငြိမ်းချမ်း ထိန်လင်း စိမ်းစားဥ စိမ့်စမ်းရေ အနိမ့် အမြင့်	G2	Primary
စကားလုံး ကလေး တွေ စီ ကာ ရယ် ရွတ်ဆို ရေး ကြည့် မယ် ။ 	မိုးတိမ် ထူ သည် ။ လေ ငြိမ် နေ ၏ ။ အိမ် ထဲ မှာ ရေဒီယို နားထောင် ပါ ။ မိုးလေဝသ သတင်း အကြိမ်ကြိမ် ကြား ရ သည် ။	G2	Primary
စကားလုံး ကလေး တွေ စီ ကာ ရယ် ရွတ်ဆို ရေး ကြည့် မယ် ။ 	လမင်း ထိန်ထိန် သာ ၏ ။ ည အချိန် မှာ ကစား မည် ။ မီးအိမ် ကလေး ကို ငြိမ်း ပါ ။ စိန်ပြေးတမ်း ကစား ရ အောင် ။	G2	Primary
စကားလုံး ကလေး တွေ စီ ကာ ရယ် ရွတ်ဆို ရေး ကြည့် မယ် ။ 	ရွာ ထဲ မှာ အငြိမ့် ပွဲ ရှိ သလား ။ ဆိုင်းသံ တခြိမ့်ခြိမ့် ကြား ရ သည် ။ မိန်းကလေး များ ဖြီးလိမ်း နေ ပြီ ။ ယိမ်း အက ငြိမ့်ညောင်း လှ သည် ။ ပွဲ သိမ်း လျှင် အိမ် ပြန် ကြ မည် ။	G2	Primary
စကားလုံး ကလေး တွေ စီ ကာ ရယ် ရွတ်ဆို ရေး ကြည့် မယ် ။ 	ကထိန်ပွဲ ကြီး နီး လာ ပြီ ။ ပွဲတော် အချိန်မီ ရဲ့ လား ။ ပုသိမ်ထီး ရ ပါ စေ မည် ။ မ စိုးရိမ် ပါ နှင့် ။ အချိန်မီ ပါ သည် ။	G2	Primary
ကွက်လပ် ဖြည့် ကြ ရ အောင် ။ 	စိန်ပြေးတမ်း ( က ) မိုးခြိမ်းသံ စိမ်းလန်း ပုသိမ်ထီး ယိမ်းနွဲ့ မိုးဦး ရာသီ တွင် ____ ကြား ရ သည် ။ လယ်ကွင်းပြင် မှာ စပါးခင်း များ ____ နေ ကြ သည် ။ (ဂ) လ သာသာ မှာ ကလေး တွေ ____ ကစား နေ ကြ တယ် ။ (ဃ) လေ အဝှေ့ တွင် ပန်း ကလေး များ ____ နေ ကြ သည် ။ (င) မေမေ ဘုရားပွဲ က အပြန် ____ ဝယ် လာ ပေး တယ် ။	G2	Primary
(ဃ) ရုပ်ပုံ ကြည့် ကာ စာ ရေး ပါ ။ စကားလုံး မှန် ဖို့ လေ့ကျင့် စို့ ။ 	၁ ။ ရုပ်ပုံ ကြည့် ကာ စာ ရေး ပါ ။ ၂ ။ စကားလုံး မှန် ဖို့ လေ့ကျင့် စို့ ။ ရေအိုင် ရေအိုင် ရေအိုင်	G2	Primary
(င) ညိုထွေး နဲ့ ကို လေး ( ကဗျာ ) 	ညိုထွေး နဲ့ ကိုလေး လစန်း သာ တဲ့ ညချမ်း ခါ က စမ်း ညိုထွေး ရာ ၊ ဆို တေး သာ တဲ့ ကိုကိုလေး ချိုအေး သံ သီကြွေး ၊ ဝါဝါဖွေး တဲ့ ဖိုးလမောင် မိုး မှ ပြုံး ယောင်ယောင် ၊ မ မုန်း ပေါင် လေ နု အေး ခြွေ ဆု ဩဘာ ပေး ။ အောင်နိုင် ( တက္ကသိုလ် )	G2	Primary
ညိုထွေး နဲ့ ကို လေး 	ဟန် အမူအရာ နဲ့ ဆို နိုင် ကြ ရဲ့ လား	G2	Primary
အခန်း ၃	အသတ် လက္ခဏာ သိ မှတ် စရာ ဗျည်း နဲ့ တွဲ ကြ မှာ ( ၃ )	G2	Primary
( က ) ဘာ ကြောင့် ကြိုက် တယ် ပြော ကြ မယ် 	တို့ မှာ ချစ် စရာ ကောင်း တဲ့ အရုပ် ကလေး တွေ အများကြီး ရှိ တယ် ။ အဲဒီ ထဲ မှာ ဝက်ဝံ ရုပ် ကလေး ကို အကြိုက်ဆုံး ပဲ ။ ဒီ အရုပ် ကလေး ကို ဖေဖေ က မွေးနေ့ လက်ဆောင် ဝယ် ပေး ထား တာ မို့ လေ ။ အချင်းချင်း ဖလှယ် ပြော ကြ မယ် ။	G2	Primary
( ခ ) ယုန် ကလေး က နားရွက်ထောင် ( ကဗျာ ) 	ယုန် ကလေး က နားရွက် ထောင် ယုန် ကလေး က နားရွက် ထောင် ပညာ ရှိ ယောင်ယောင် ၊ ကြောင် ကလေး က လက်သည်း ဝှက် ချောင်း လိုက် ရ တဲ့ ကြွက် ။ ရွှေဇီးကွက် ရဲ့ ဣန္ဒြေ ဘုရင်ကြီး လို နေ ၊ မိုး လေ တွက် ကာ ဗေဒင် ဟော တောက်တဲ့ ကိုလေပေါ ။ ပြော တိုင်း ယုံ တဲ့ ပုတ်သင်ညို ခေါင်းညိတ် လှ သ ကို ၊ ရွှေကျီးညို သာ ပါ လှ ဧည့်သည် လာ ပါ စ ။ တင်မိုး	G2	Primary
ယုန် ကလေး က နားရွက်ထောင် 	ဟန် အမူအရာ နဲ့ ဆို နိုင် ကြ ရဲ့ လား	G2	Primary
(ဂ) အုန် ( - ုန် ) အုန့် ( - ုန့် ) အုန်း ( - ုန်း ) အသတ် များ သင်ကြား ကြ စို့ လား 	အုန် အုန့် အုန်း - ုန် - ုန့် - ုန်း	G2	Primary
(ဂ) အုန် ( - ုန် ) အုန့် ( - ုန့် ) အုန်း ( - ုန်း ) အသတ် များ သင်ကြား ကြ စို့ လား 	စုန် စုန့် စုန်း မုန် မုန့် မုန်း ကုံ ကုံး ငုံ ငုံ့ ငုံး တုံ တုံ့ တုံး	G2	Primary
(ဂ) အုန် ( - ုန် ) အုန့် ( - ုန့် ) အုန်း ( - ုန်း ) အသတ် များ သင်ကြား ကြ စို့ လား 	ကျုံ ကျုံ့ ကျုံး ချုံ ချုံ့ ချုံး ဖြုံ ဖြုံ ဖြုံး မြုံ မြုံ့ မှုန် မှုန့် မှု န်း	G2	Primary
စာ လုံး ကလေး တွေ ထောက် ကာ ရယ် ဖတ် ကြည့် ရေး ကြည့် မယ် ။ 	စုန် စုန့် စုန်း မှုန် မှုန့် မှု န်း	G2	Primary
ရုပ်ပုံ ကလေး တွေ ကြည့် ကာ ရယ် ရွတ်ဆို ရေး ကြည့် မယ် ။ 	ယုန် ဂျုံ ပျားအုံ ဗုံရှည် ခေါင်းအုံး ဒုံးပျံ ပန်းကုံး မီးပုံးပျံ မုန့်လုံးရေပေါ် ပြုံးရွှင် အုံ့မှိုင်း ပြေးခုန် လုံမလေး နံ့သာမှုန့် ကုန်းကြောင်း ပုံပြင် တွေ့ဆုံ ရေပုံး နယုန်လ ကုန်စုံဆိုင် လေမုန်တိုင်း	G2	Primary
စကားလုံး ကလေး တွေ စီ ကာ ရယ် ရွတ်ဆို ရေး ကြည့် မယ် ။ 	စံပယ် သုံး ကုံး ဘယ်လို သုံး မ လဲ ။ ပြုံး ၍ မေး သည် ။ ဆံထုံး မှာ ပန် မည် ။	G2	Primary
စကားလုံး ကလေး တွေ စီ ကာ ရယ် ရွတ်ဆို ရေး ကြည့် မယ် ။ 	ဟင်း မျိုးစုံ ပြီ ။ ခုံ ပေါ် မှာ အကုန် ချ ထား ပါ ။ ယင် မ အုံ ပါ စေ နှင့် ။ အားလုံး လုံ အောင် ဖုံး ထား ပါ ။	G2	Primary
စကားလုံး ကလေး တွေ စီ ကာ ရယ် ရွတ်ဆို ရေး ကြည့် မယ် ။ 	မိုးအုံ့ လျှင် အေး သည် ။ တံခါး လုံ ရဲ့ လား ။ ချမ်း ၍ တုန် နေ သည် ။ စောင် လုံလုံ ခြုံ ထား ပါ ။	G2	Primary
စကားလုံး ကလေး တွေ စီ ကာ ရယ် ရွတ်ဆို ရေး ကြည့် မယ် ။ 	တောင်ကုန်း နား က ယုန် ကလေး ခုန် ၍ ခုန် ၍ ခုန် ၍ ပြေး ။ မ ယုံ လျှင် သွား ၍ မေး မကြုံစဖူး ထူး လှ သေး ။	G2	Primary
စကားလုံး အမှန် ရွေး ပါ ။ 	( က ) မိုး တွေ ( အုံ့မှိုင်း ၊ အုန့်မှိုင်း ) လာ ပြီ ။ ( ခ ) ခြံ ထဲ မှာ ( ခြုံ ၊ ချုံ ) တွေ ထူ နေ တယ် ။ (ဂ) ညီလေး ဘယ် မှာ ( ပုန်း ၊ ပုံး ) နေ သလဲ ။ (ဃ) ဆရာမ (ဆံထုန်း ၊ ဆံထုံး ) မှာ ပန်းပန် ထား တယ် ။ (င) ကလေး တွေ ( ခုန် ၊ ခုံ ) ပေါ် မှာ ထိုင် နေ ကြ တယ် ။	G2	Primary
(ဃ) အွန် ( ဒွန် ) အွန့် ( ၂ ) အွန်း ( ဒွန်း ) အသတ် များ သင်ကြား ကြ စို့ လား 	အွန် အွန့် အွန်း - ွန် - ွန့် - ွန်း - ွမ် - ွမ့် - ွမ်း - ွံ - ွံ့	G2	Primary
(ဃ) အွန် ( ဒွန် ) အွန့် ( ၂ ) အွန်း ( ဒွန်း ) အသတ် များ သင်ကြား ကြ စို့ လား 	ကွန် ကွန့် ကွန်း စွန် စွန့် စွန်း တွန် တွန့် တွန်း ထွန် ထွန့် ထွန်း လွန် လွန့် လွန်း	G2	Primary
(ဃ) အွန် ( ဒွန် ) အွန့် ( ၂ ) အွန်း ( ဒွန်း ) အသတ် များ သင်ကြား ကြ စို့ လား 	ခွံစွံနွံ ဆွံ့ ဖွံ့ ရွံ့ ကျွံ ချွံ ကျွန် ကျွန်း ချွန် ချွန်း ရွှံ့	G2	Primary
စာ လုံး ကလေး တွေ ထောက် ကာ ရယ် ဖတ် ကြည့် ရေး ကြည့် မယ် ။ 	လွန် လွန့် လွန်း စွံ နွံဖွံ	G2	Primary
ရုပ်ပုံ ကလေး တွေ ကြည့် ကာ ရယ် ရွတ်ဆို ရေး ကြည့် မယ် ။ 	ဇွန်း ယွန်းထည် ကွမ်းသီး ကွန်ပျူတာ ထွန်တုံး ဝါဂွမ်း လယ်ထွန် မွမ်းမံ ရွှံ့ညွန် ခွန်အား စွမ်းရည် ကျွမ်းကျင် ကောင်းမွန် ဖွံ့ဖြိုး ရွာသွန်း ထွန်းညှိ ညွှန်ကြား ကျွန်းဆွယ် ဆွမ်းတော်	G2	Primary
စကားလုံး ကလေး တွေ စီ ကာ ရယ် ရွတ်ဆို ရေး ကြည့် မယ် ။ 	ဇွန်ပန်းရုံ အနီး လှည်းဘီး နွံ ထဲ ကျွံ နေ သည် ။ ကူ ၍ တွန်း ပေး ကြ ပါ ။ လေး လွန်း ၍ မ တွန်း နိုင် ဘူး လား ။ ပြိုင်တူ တွန်း လျှင် ရွေ့ နိုင် ပါ သည် ။	G2	Primary
စကားလုံး ကလေး တွေ စီ ကာ ရယ် ရွတ်ဆို ရေး ကြည့် မယ် ။ 	နေ မွန်းတည့် ပြီ ။ အပူရှိန် အလွန် ပြင်း သည် ။ လွန်လွန်ကျွံကျွံ မ ကစား ရ ။ ခွန်အား ကုန် ခန်း မည် ။ ပင်ပန်းနွမ်းနယ် မည် ။	G2	Primary
စကားလုံး ကလေး တွေ စီ ကာ ရယ် ရွတ်ဆို ရေး ကြည့် မယ် ။ 	ရိုးသား ၍ ပညာ ထူးချွန် သူ အကျင့် ကောင်းမွန် သူ အများ အကျိုး ငှာ ကိုယ်ကျိုးစွန့် သူ တာဝန် ကျေပွန် သူ ထို သူ တို့ ကို ချီးမွမ်း ရ မည် ။	G2	Primary
စကားလုံး ကလေး တွေ စီ ကာ ရယ် ရွတ်ဆို ရေး ကြည့် မယ် ။ 	ခွန်အား ကြီး သော လယ်သမား များ စုပေါင်း ထွန် ကြ မည် ။ နည်းလမ်း ကောင်း များ ညွှန်ပြ ထား သည် ။ သီးနှံ ဖွံ့ဖြိုး မည် ။ ကိုင်းကျွန်းမှီ ကျွန်းကိုင်းမှီ ။	G2	Primary
ကွက်လပ် ဖြည့် ကြ ရ အောင် ။ 	ခွံ့ကျွေး ကျွမ်းကျင် လူရည်ချွန် ဇွန်ပန်း ဟွန်းသံ ( က ) အိမ် ရှေ့ မှာ ____ တွေ ပွင့် နေ တယ် ။ ( ခ ) ကား ____ ဆူညံ တယ် ။ (ဂ) ကျောင်း မှာ မောင်ဘ ____ အရွေးခံ ရ တယ် ။ (ဃ) ကလေး ကို ထမင်း ____ နေ တယ် ။ (င) ဦးဘ ကား မောင်း ____ တယ် ။	G2	Primary
အခန်း ၄	အသတ် လက္ခဏာ သိ မှတ် စရာ ဗျည်း နဲ့ တွဲ ကြ မှာ ( ၄ )	G2	Primary
( က ) အမြှောက် ကြိုက် သူ ( ပုံပြင် ) 	ကျီး တစ် ကောင် ဟာ အိမ် တစ် အိမ် ကနေ အသားတုံး တစ် တုံး ကိုက် ချီ လာ ပြီး သစ်ကိုင်း မှာ နား နေ သတဲ့ ။ အဲဒီ သစ်ပင် ရဲ့ အောက် မှာ မြေခွေး တစ် ကောင် ထိုင် နေ တယ် ။ မြေခွေး ဟာ ကျီး ကိုက် ချီ ထား တဲ့ အသားတုံး ကို စား ချင် လို့ သစ်ပင် ပေါ် ကို မော့ကြည့် ပြီး ပြော လိုက် တယ် ။	G2	Primary
( က ) အမြှောက် ကြိုက် သူ ( ပုံပြင် ) 	အဆွေကျီး သင် ဟာ အလွန် လှပ တဲ့ ငှက် တစ် ကောင် ဖြစ် ပါ တယ် အဆွေ ရဲ့ အသံ ဟာ လဲ အလွန် သာယာ မှာ ပဲ အဆွေ ရဲ့ အသံ ကို ကြား ချင် လှ ပါ တယ်	G2	Primary
( က ) အမြှောက် ကြိုက် သူ ( ပုံပြင် ) 	"ကျီး ဟာ မြေခွေး မြှောက်ပင့် ပြော ဆို တဲ့ စကား ကို တကယ် ထင် ပြီး "" အား ... အား "" လို့ အော် လိုက် တယ် ။ အော် လိုက် တာ နဲ့ တစ်ပြိုင်နက် ကိုက် ချီ ထား တဲ့ အသားတုံး ဟာ သစ်ပင် အောက် ကို ပြုတ်ကျ သွား တော့ သတဲ့ ။ အား အား"	G2	Primary
( က ) အမြှောက် ကြိုက် သူ ( ပုံပြင် ) 	အသားတုံး ကို စား ချင် နေ တဲ့ မြေခွေး ဟာ တစ်ခါတည်း ကောက်ချီ ပြီး သူ ရဲ့ တွင်း ထဲ ကို ဝင် ပြေး သွား တော့ သတဲ့ ကွယ် ။ ကလေး တို့ လဲ သူ တစ် ပါး မြှောက် ပင့် ပြော ဆို တဲ့ စကား ကို သေသေချာချာ စဉ်းစား ဆင်ခြင် ပြီးမှ ယုံ ရ မယ် နော် ။	G2	Primary
( က ) အမြှောက် ကြိုက် သူ ( ပုံပြင် ) 	ဒီ မေးခွန်း ကလေး တွေ ကို မေးခွန်း ဖြေ ကြည့် ကြ ရ အောင် ၁ ။ ကျီး ကိုက် ချီ သွား တာ ဘာ ဖြစ် မယ် ထင် သလဲ ။ ၂ ။ မြေခွေး က ကျီး ကို ဘယ်လို ပြော သလဲ ။ ၃ ။ မြေခွေး က ကျီး ကို ဘာကြောင့် မြှောက် ပင့် ပြော သလဲ ။ ၄ ။ သင် သာ ကျီး ဆို ရင် ဘယ်လို လုပ် မ လဲ ။ ၅ ။ မြေခွေး ရဲ့ အပြုအမူ ကို ကလေး တို့ ရော သဘောကျ ရဲ့ လား ။ ဘာကြောင့် လဲ ။	G2	Primary
( ခ ) အက် ( - က် ) အသတ် များ သင်ကြား ကြ စို့ လား 	အက် -က် ကက် ကျက် ကြက် ခက် ချက် ပြက် စက် ပျက် ဗြက် ညက် မျက် မြက် သက် လျက် ကွက် ငှက် ခွက် ညှက် စွက် နှက် ထွက် ရှက် ဝှက်	G2	Primary
စာ လုံး ကလေး တွေ ထောက် ကာ ရယ် ဖတ် ကြည့် ရေး ကြည့် မယ် ။ 	ကက် ကျက် ကြက် ကွက် ငှက် ဝှက်	G2	Primary
ရုပ်ပုံ ကလေး တွေ ကြည့် ကာ ရယ် ရွတ်ဆို ရေး ကြည့် မယ် ။ 	စက်ရုံ ကြွက် မျက်မှန် တံမြက်စည်း ငှက်ပျောသီး မျက်နှာ ရက်ကန်းစင် ကြက်သွန်နီ ရွက်လှေ ညဥ့်နက် လက်ဖက် တွက်ချက် နက်ဖြန်ခါ ကြက်တူရွေး ရောယှက် ထက်ဝက် သွက်လက် ဆောင်ရွက် အသက်အရွယ်	G2	Primary
စကားလုံး ကလေး တွေ စီ ကာ ရယ် ရွတ်ဆို ရေး ကြည့် မယ် ။ 	စက်မှု လယ်ယာ အားပေး ပါ ။ ထွန်စက် နှင့် ထွန်ယက် ပါ ။ သီးနှံ အထွက် တိုး မည် ။ ကြက် ဘဲ ငှက် ဝက် မွေးမြူ ပါ ။ ဝင်ငွေ တိုးတက် လာ မည် ။	G2	Primary
စကားလုံး ကလေး တွေ စီ ကာ ရယ် ရွတ်ဆို ရေး ကြည့် မယ် ။ 	ကျောင်း တက် မ ပျက် ပါ စေ နှင့် ။ ကျောင်း မှန်မှန် တက် စာ မ ခက် ။ မပျက်မကွက် စာ ကို ကျက် ။ အပျင်း မ ဖက် ဉာဏ် ထက်မြက် ။	G2	Primary
စကားလုံး ကလေး တွေ စီ ကာ ရယ် ရွတ်ဆို ရေး ကြည့် မယ် ။ 	လင်းကြက် တွန် သံ ကြား ရ သည် ။ နံနက် ချိန် ခါ နေ ထွက် လာ ပြီ ။ ငှက် ကလေး များ ပျံ ဝဲ နေ ကြ ၏ ။ မြက်ခင်း ပြင် စိမ်းစို နေ သည် ။	G2	Primary
စကားလုံး ကလေး တွေ စီ ကာ ရယ် ရွတ်ဆို ရေး ကြည့် မယ် ။ 	အစာ ကို ညက်ညက် ဝါး စား ပါ ။ ကျန်းမာရေး အတွက် ကောင်း မည် ။ သွက်သွက်လက်လက် လည်း ရှိ မည် ။ အသက် လည်း ရှည် မည် ။	G2	Primary
ကွက်လပ် ဖြည့် ကြ ရ အောင် ။ 	ကြွက် မနက် ငှက် ထန်းရွက် ရက်ကန်းစင် ( က ) မောင်မောင် ____ တိုင်း အပြေး လေ့ကျင့် တယ် ။ ( ခ ) မီးဖို ထဲ ကို ____ ကလေး တစ် ကောင် ဝင် သွား တယ် ။ (ဂ) မိုး ကောင်းကင် မှာ ____ ကလေး တွေ ပျံဝဲ နေ ကြ တယ် ။ (ဃ) ရွာ ထဲ မှာ ____ တွေ ရှိ တယ် ။ (င) အဘိုး တို့ အိမ် ကို ____ မိုး ပေး ပါ ။	G2	Primary
(ဂ) အောက် ( ောက် ) အသတ် များ သင်ကြား ကြ စို့ လား 	အောက် ကောက် ကျောက် ခေါက် ချောက် ပေါက် ပျောက် ဖောက် ဖျောက် မောက် မျောက် ပြောက် ကြောက် ညှောက် ခြောက် နှောက် မှောက် ဖြောက် ရှောက် မြောက် လျှောက်	G2	Primary
စာ လုံး ကလေး တွေ ထောက် ကာ ရယ် ဖတ် ကြည့် ရေး ကြည့် မယ် ။ 	ခေါက် ခြောက် ဖောက် လျှောက်	G2	Primary
ရုပ်ပုံ ကလေး တွေ ကြည့် ကာ ရယ် ရွတ်ဆို ရေး ကြည့် မယ် ။ 	ကျောက်သင်ပုန်း တုတ်ကောက် မျောက် ထန်းခေါက်ဖာ ငါး ခြောက် ရှောက်သီး ကျောက်ခဲ ပေါက်ပင် ပျောက်ဆုံး ခလောက် ပြတင်းပေါက် ခမောက် မြှောက်ပင့် လမ်းလျှောက် ကောက်ပဲသီးနှံ မွှေနှောက် ပိတောက်ပန်း ချောက်ကမ်းပါး	G2	Primary
စကားလုံး ကလေး တွေ စီ ကာ ရယ် ရွတ်ဆို ရေး ကြည့် မယ် ။ 	ပဲတီ ကို အပင် ဖောက် သည် ။ အညှောက် ထွက် လာ ၏ ။ ပဲပင်ပေါက် ရ ပြီ ။ လို သလောက် စား ပါ ။ ကျန်းမာရေး ကို အထောက်အကူပြု သည် ။	G2	Primary
စကားလုံး ကလေး တွေ စီ ကာ ရယ် ရွတ်ဆို ရေး ကြည့် မယ် ။ 	ခလောက်သံ ဒိုးဒိုးဒေါင်ဒေါင် ကြား ရ သည် ။ လှည်း ရောက် လာ ပြီ လား ။ ကောက်လှိုင်း စည်း များ တင် ကြ သည် ။ တလင်း ထဲ အရောက် တောက်လျှောက် မောင်း ပါ ။ ကောက်သင်းကောက်သူ များ ရောက် လာ ပြီ ။	G2	Primary
စကားလုံး ကလေး တွေ စီ ကာ ရယ် ရွတ်ဆို ရေး ကြည့် မယ် ။ 	မိုး တဖြောက်ဖြောက် ရွာ သည် ။ ခမောက် ဆောင်း ၍ လမ်းလျှောက် ပါ ။ မျိုးစေ့ များ အပင် ပေါက် လာ ပြီ ။ မ ညှိုး မ ခြောက် ပါ စေ နှင့် ။ မြေတောင်မြှောက် ပေး ပါ ။	G2	Primary
စကားလုံး ကလေး တွေ စီ ကာ ရယ် ရွတ်ဆို ရေး ကြည့် မယ် ။ 	ကင်းထောက် လူငယ် များ ရောက် လေ ရာ မှာ ကူညီ ၏ ။ အများ ကို လည်း ထောက်ထား သည် ။ လူ အများ က ချီးမြှောက် ကြ သည် ။ ထွန်းပေါက် အောင် ကြိုးစား သည် ။	G2	Primary
ကွက်လပ် ဖြည့် ကြ ရ အောင် ။ 	အညှောက် သောက်ရေအိုး ကောက်ညှင်းပေါင်း ငါးရံ့ခြောက် လမ်းလျှောက် ( က ) မေမေ ____ နေလှန်း နေ တယ် ။ ( ခ ) မနက်စာ ____ ပူပူ လေး ဝယ် စား ကြ မယ် ။ (ဂ) ရေအိုးစင် က ____ ကို ရေ ဖြည့် ထား ပါ ။ (ဃ) မနက် စောစော ____ ထွက် ကြ ရ အောင် ။ (င) ပဲ စေ့ တွေ ____ ထွက် လာ တယ် ။ (ဃ) ရုပ်ပုံ ကြည့် ကာ စာ ရေး ပါ ။	G2	Primary
အခန်း ၅	အသတ် လက္ခဏာ သိ မှတ် စရာ ဗျည်း နဲ့ တွဲ ကြ မှာ ( ၅ )	G2	Primary
( က ) အို က ်(ိုက် ) အသတ် များ သင်ကြား ကြ စို့ လား 	အို က်ိိုက် ကိုက် ကျိုက် ငိုက် ဂျိုက် စိုက် ဗျိုက် တိုက် ကြိုက် နှိုက် ခြိုက် မှိုက် ပြိုက် ရှိုက် မြိုက် လှိုက်	G2	Primary
စာ လုံး ကလေး တွေ ထောက် ကာ ရယ် ဖတ် ကြည့် ရေး ကြည့် မယ် ။ 	ကိုက် ကြိုက် ကျိုက် နှိုက်	G2	Primary
ရုပ်ပုံ ကလေး တွေ ကြည့် ကာ ရယ် ရွတ်ဆို ရေး ကြည့် မယ် ။ 	စာကြည့်တိုက် အမှိုက်ပုံး တိုက်အိမ် ကောက်စိုက်သမ စိုက်ပျိုးခင်း ပိုက်ကွန် ငှက်သိုက် ပိုက်ကျော်ခြင်း သားပိုက်ကောင် ပိုက်ဆံ မီးမြိုက် လေတိုက် ကျိုက်ထီးရိုး အားစိုက်ခွန်စိုက် ဝမ်းဗိုက် ကြုံကြိုက် တိုက်ခိုက် ဆိုက်ရောက် လှိုက်လှိုက်လှဲလှဲ	G2	Primary
စကားလုံး ကလေး တွေ စီ ကာ ရယ် ရွတ်ဆို ရေး ကြည့် မယ် ။ 	ပူအိုက် သော ရာသီ ငိုက် မ နေ ပါ နှင့် ။ တောင်လေ တိုက် လာ ပြီ ။ အမှိုက် များ လွင့် နေ သည် ။ လိုက် ၍ သိမ်းဆည်း ပါ ။	G2	Primary
စကားလုံး ကလေး တွေ စီ ကာ ရယ် ရွတ်ဆို ရေး ကြည့် မယ် ။ 	ကျောင်း စာကြည့်တိုက် ဖွင့် ပြီ ။ ကြိုက် ရာ စာစောင် ကြည့်ရှု နိုင် သည် ။ စာကြည့်တိုက် မှာ စာဖတ် ပါ ။ အချိန် ရှိ ခိုက် လုံ့လ စိုက် ရ မည် ။ စည်းကမ်း ကို လိုက်နာ ပါ ။	G2	Primary
စကားလုံး ကလေး တွေ စီ ကာ ရယ် ရွတ်ဆို ရေး ကြည့် မယ် ။ 	သူ တို့ ကောက်စိုက် သွား ကြ သည် ။ ကလေး များ ပါ လိုက် သွား ကြ သည် ။ သိုက်သိုက်ဝန်းဝန်း ရှိ သည် ။ လယ် ထဲ တွင် ပုစွန်လုံး နှိုက် ကြ သေး သည် ။	G2	Primary
စကားလုံး ကလေး တွေ စီ ကာ ရယ် ရွတ်ဆို ရေး ကြည့် မယ် ။ 	ဂုဏ်ပြု ထိုက် သော လူငယ် များ လှိုက်လှိုက်လှဲလှဲ ကြိုဆို ကြ မည် ။ သိုက်သိုက်မြိုက်မြိုက် ရှိ သည် ။ အခိုက်အတန့် နား နေ ပါ ဦး ။ ထိုက်ထိုက်တန်တန် ဂုဏ်ပြု သည် ။	G2	Primary
ကွက်လပ် ဖြည့် ကြ ရ အောင် ။ 	ဆိုက် ကောက်စိုက် အသိုက် ပြေးတမ်းလိုက်တမ်း လေပြင်းတိုက်သံ ( က ) ည က ____ ကြား ရ တယ် ။ ( ခ ) ငှက် ကလေး တွေ ____ ဆောက် နေ ကြ တယ် ။ (ဂ) ကလေး တွေ ____ ကစား နေ ကြ တယ် ။ (ဃ) လယ်သူမ တွေ ____ နေ ကြ တယ် ။ (င) ရထား ____ ပြီ ။	G2	Primary
( ခ ) အစ် ( - စ် ) အသတ် များ သင်ကြား ကြ စို့ လား 	အစ် -စ် ကစ် ကျစ် ခစ် ချစ် စစ် ပျစ် တစ် ဖျစ် သစ် မျစ် ကြစ် ညစ် ခြစ် နှစ် ရှစ် ပြစ် ရှစ် ဖြစ် လှစ် မြစ် မျှစ်	G2	Primary
စာ လုံး ကလေး တွေ ထောက် ကာ ရယ် ဖတ် ကြည့် ရေး ကြည့် မယ် ။ 	ကစ် မြစ် ကျစ် ညှစ်	G2	Primary
ရုပ်ပုံ ကလေး တွေ ကြည့် ကာ ရယ် ရွတ်ဆို ရေး ကြည့် မယ် ။ 	ပစ်တိုင်းထောင် မျှစ် ယွန်းအစ် သစ်သီး ကျားသစ် ရေစစ် မီးခြစ် ကျစ်ဆံမြီး ခုနစ် ညစ်ပေ လစ်လပ် ချစ်ခင် ပြေပြစ် ဖွင့်လှစ် ထစ်ချုန်း မြစ်ချောင်း တံတောင်ဆစ် အော်ဟစ် ညီအစ်ကို စစ်သည်တော်	G2	Primary
စကားလုံး ကလေး တွေ စီ ကာ ရယ် ရွတ်ဆို ရေး ကြည့် မယ် ။ 	ပြည်တွင်း ဖြစ် ကို အားပေး ပါ ။ ချစ်ချစ်ခင်ခင် နေ ကြ ပါ ။ အပြစ် တွေ့ လျှင် ပြုပြင် ပါ ။ စနစ်တကျ ရှိ ပါ စေ ။ တာဝန် မ လစ်ဟင်း ပါ စေ နှင့် ။ လက် နှစ် ဖက် ဖြင့် ပွေ့ချီ ပါ ။	G2	Primary
စကားလုံး ကလေး တွေ စီ ကာ ရယ် ရွတ်ဆို ရေး ကြည့် မယ် ။ 	ဤ ကလေး တစ်တစ်ရစ်ရစ် ဝ သည် ။ အသား လည်း ကျစ် သည် ။ တခစ်ခစ် ရယ် လိုက် သေး သည် ။ ချစ် စရာ အလွန် ကောင်း သည် ။	G2	Primary
စကားလုံး ကလေး တွေ စီ ကာ ရယ် ရွတ်ဆို ရေး ကြည့် မယ် ။ 	ဟင်း ကျန် ထမင်း ကျန် စည်းကမ်းမဲ့ မ ပစ် ရ ။ အိမ် အနီး ၌ မ ညစ်ပေ စေ နှင့် ။ ညစ်ပေ လျှင် ကြွက် ပေါ မည် ။ ကြွက် ပေါ လျှင် ရောဂါ ဖြစ် မည် ။ ရောဂါ ဖြစ် လျှင် ပူပင် ရ သည် ။	G2	Primary
စကားလုံး ကလေး တွေ စီ ကာ ရယ် ရွတ်ဆို ရေး ကြည့် မယ် ။ 	နှစ်သစ်ကူး ပွဲတော် ကျင်းပ သည် ။ ဆိုင် များ ဖွင့်လှစ် ရောင်းချ ၏ ။ ဈေး သည် များ အော်ဟစ် ရောင်း ကြ သည် ။ ဈေးဆစ် ၍ ဝယ် ခဲ့ ပါ ။ ပစ်တိုင်းထောင် နှင့် ယွန်းအစ် ဝယ် ခဲ့ သည် ။	G2	Primary
ကွက်လပ် ဖြည့် ကြ ရ အောင် ။ 	သစ်ခွဲ စာမြစ် ကျစ်ဆံမြီး မျှစ် ယွန်းအစ် ( က ) မမ က ____ နဲ့ လှ တယ် ။ ( ခ ) သစ်စက် ထဲ မှာ ____ နေ တယ် ။ (ဂ) တော ထဲ မှာ ____ သွား ချိုး ကြ မယ် ။ (ဃ) ဘုရား ပွဲဈေး က ____ ဝယ် လာ တယ် ။ (င) သံလွင် ____ က ရေစီး သန် တယ် ။	G2	Primary
(ဂ) ကျေးလက် နဲ့ မြို့ ပြ 	ကျေးလက် ပုံ မှာ အိမ် ကလေး တွေ ရှိ တယ် မြို့ပြ ပုံ မှာ တိုက် ကြီး တွေ ရှိ တယ်	G2	Primary
ပုံ နှစ် ပုံ ရဲ့ မ တူညီ တဲ့ အချက် တွေ ကို နှိုင်းယှဉ် ပြော ကြ ရ အောင် ။ 	ကျေးလက် ပုံ မှာ လှည်း ရှိ တယ် မြို့ပြ ပုံ မှာ လှည်း မ ရှိ ဘူး	G2	Primary
(ဃ) ဘာ ကျွေး မှာ လဲ 	သူ တို့ တွေ က ဘာ ကောင် လေး တွေ လဲ သူ တို့ ဘာ တွေ စား ကြ သလဲ သူ တို့ တွေ ကို ဘာ တွေ ကျွေး ကြ မ လဲ မေးခွန်း ၁ ။ မျောက် ကလေး ကို ____ ကျွေး ပါ မယ် ။ ၂ ။ စာကလေး ကို ____ ကျွေး ပါ မယ် ။ ၃ ။ ဆင် ကလေး ကို ____ ကျွေး ပါ မယ် ။ ၄ ။ ယုန် ကလေး ကို ____ ကျွေး ပါ မယ် ။ ၅ ။ ကြောင် ကလေး ကို ____ ကျွေး ပါ မယ် ။	G2	Primary
အခန်း ၆	အသတ် လက္ခဏာ သိ မှတ် စရာ ဗျည်း နဲ့ တွဲ ကြ မှာ ( ၆ )	G2	Primary
( က ) အတ် ( ကတ် ) အပ် ( နှိပ် ) အသတ် များ သင်ကြား ကြ စို့ လား 	အတ် အပ် -တ် -ပ် ကတ် ကြတ် ခတ် ဂျတ် ဆတ် ပြတ် ရပ် ဖျတ် ဝပ် မြတ် ကျပ် ညှပ် ချပ် နှပ် ဂျပ် မှတ် ပျပ် ရှပ် ဖျပ် လှပ်	G2	Primary
စာ လုံး ကလေး တွေ ထောက် ကာ ရယ် ဖတ် ကြည့် ရေး ကြည့် မယ် ။ 	ကတ် ကျပ် ကြတ် ညှပ်	G2	Primary
ရုပ်ပုံ ကလေး တွေ ကြည့် ကာ ရယ် ရွတ်ဆို ရေး ကြည့် မယ် ။ 	သေနတ် ယပ်တောင် ရဟတ်ယာဉ် အပ် သနပ်ခါး ကတ်ကြေး ဇာတ်ပွဲ ဓာတ်ပုံ ပိုးဟပ် ကျေနပ် ချဉ်ဖတ် ဆုံးဖြတ် တိုက်ခတ် အမှတ်တရ ထူထပ် နေကြတ် ဝတ်ဆင် အားလပ် ကောင်းမြတ် အတတ်ပညာ	G2	Primary
စကားလုံး ကလေး တွေ စီ ကာ ရယ် ရွတ်ဆို ရေး ကြည့် မယ် ။ 	ကြက်ခြေနီ တပ်ဖွဲ့ဝင် မောင်မှတ် ဝတ်စုံ ဝတ် ထား သည် ။ ပတ်တီး စည်း ပေး နေ သည် ။ ဖြောင့်မတ် တည်ကြည် သည် ။ မွန်မြတ် သော စေတနာ ရှိ သည် ။	G2	Primary
စကားလုံး ကလေး တွေ စီ ကာ ရယ် ရွတ်ဆို ရေး ကြည့် မယ် ။ 	လူငယ် များ ခြင်း ခတ် နေ ကြ သည် ။ အဝတ် ဆင်တူ ဝတ် ထား သည် ။ ဖနောင့် နှင့် ဆတ် ၍ ခတ် သည် ။ ဝိုင်း သုံး လေး ပတ်လည် သည် ။ ဖျတ်ဖျတ်လတ်လတ် ရှိ ကြ သည် ။	G2	Primary
စကားလုံး ကလေး တွေ စီ ကာ ရယ် ရွတ်ဆို ရေး ကြည့် မယ် ။ 	သစ်စက် နား မှာ ရပ် မ ကြည့် ရ ။ သစ်တုံး များ ခွဲ ဖြတ် နေ သည် ။ မပြတ်မလပ် ဆောင်ရွက် သည် ။ ပျဉ်ချပ် များ ထပ် ထား သည် ။	G2	Primary
စကားလုံး ကလေး တွေ စီ ကာ ရယ် ရွတ်ဆို ရေး ကြည့် မယ် ။ 	ရေတွင်း ရေကန် ကို ဝင်းခတ် ပါ ။ ကျွဲ နွား များ မ ကပ် စေ ရ ။ သပ်သပ်ရပ်ရပ် ရှိ သည် ။ ကန်ပေါင် ပေါ် တွင် အဝတ် မ လျှော် ရ ။ ကျရေ မ ဝပ် အောင် မပြတ် သတိပြု ပါ ။ လူကြီး များ က စောင့်ကြပ် ကြည့်ရှု နေ သည် ။	G2	Primary
ကွက်လပ် ဖြည့် ကြ ရ အောင် ။ 	တန်းစီ ရပ် လတ်ဆတ် ရဟတ် နားကပ် ဓာတ်ပုံ ( က ) ပွဲ ဈေး မှာ ____ စီး ကြ မယ် ။ ( ခ ) သစ်သီး တွေ ____ တယ် ။ (ဂ) နံရံ မှာ ____ ချိတ်ဆွဲ ထား တယ် ။ (ဃ) မမ ဆီ က ____ လက်ဆောင် ရ တယ် ။ (င) ခြံ ထဲ မှာ ____ ကား တွေ ထား တယ် ။	G2	Primary
( ခ ) အွတ် ( ွတ်)အွပ်(ွပ် ) အသတ် များ သင်ကြား ကြ စို့ လား 	ကျွတ် ညွှတ် ချွတ် မွှတ် ဂျွတ် ရွှတ် ပြွတ် လွှတ် ကွတ် ကွပ် ခွတ် ခွပ် စွတ် စွပ် တွတ် တွပ်	G2	Primary
စာ လုံး ကလေး တွေ ထောက် ကာ ရယ် ဖတ် ကြည့် ရေး ကြည့် မယ် ။ 	ကွပ် ကွတ် ကျွတ် လွှတ်	G2	Primary
ရုပ်ပုံ ကလေး တွေ ကြည့် ကာ ရယ် ရွတ်ဆို ရေး ကြည့် မယ် ။ 	လွတ်လပ်ရေးအောင်ပွဲ ကွပ်ပျစ် သီတင်းကျွတ်ပွဲ မင်းကွတ်သီး စွပ်ကျယ် လက်စွပ် ရေပြွတ် မုန့်ကြွပ် စိုစွတ် ဦးညွှတ် ညီညွတ် ရွတ်ဖတ် ခူးဆွတ် သွပ်ပြား ခွင့်လွှတ် ပွတ်တိုက် အနားကွပ် တန်းလုံးကျွတ် ကရွတ်ခွေ ကတွတ်ပေါက်	G2	Primary
စကားလုံး ကလေး တွေ စီ ကာ ရယ် ရွတ်ဆို ရေး ကြည့် မယ် ။ 	သီတင်းကျွတ် ပြီ ။ မိုး လေ ကင်း လွတ် တော့ မည် ။ မီးပုံးပျံ လွှတ် ကြ ရ အောင် ။ မီးစာ ကို ရေနံ ဆွတ် ထား ပါ ။ မှိုင်းဝ မှ လွှတ် ပါ ။	G2	Primary
စကားလုံး ကလေး တွေ စီ ကာ ရယ် ရွတ်ဆို ရေး ကြည့် မယ် ။ 	မိန်းကလေး များ ကြက်ခွပ်တမ်း ကစား ကြ သည် ။ လူငယ် များ စွန် လွှတ် နေ ကြ သည် ။ ဘေး လွတ် ရာ မှာ ကစား ပါ ။ စွန် ပြတ် လျှင် တစ်ဇွတ်ထိုး မ လိုက် ရ ။	G2	Primary
စကားလုံး ကလေး တွေ စီ ကာ ရယ် ရွတ်ဆို ရေး ကြည့် မယ် ။ 	စာ ကို ပီပီသသ ရွတ်ဖတ် ပါ ။ ကဗျာ ကို အလွတ် ကျက်မှတ် ပါ ။ တတွတ်တွတ် ရွတ်ဆို ပါ ။ ပထမ ဆု ဆွတ်ခူး နိုင် ရ မည် ။	G2	Primary
စကားလုံး ကလေး တွေ စီ ကာ ရယ် ရွတ်ဆို ရေး ကြည့် မယ် ။ 	လွတ်လပ်ရေး ကို ထိန်းသိမ်း ပါ ။ ညီညွတ်ရေး အတွက် ကြိုးပမ်း ပါ ။ ရွပ်ရွပ်ချွံချွံ ဆောင်ရွက် ပါ ။ တာဝန် မ ချွတ်ယွင်း ပါ စေ နှင့် ။ ပြည်သူ့ ကျင့်ဝတ် ကို အထွတ်အမြတ် ထား ပါ ။	G2	Primary
ဝါကျ မှန် အောင် ယှဉ်တွဲ ပါ ။ 	၁ ။ မေမေ ဈေး က ၂ ။ မောင်မောင် တို့ အိမ် ကို ၃ ။ ဦးကြီး တို့ ၄ ။ မိန်းကလေး တွေ ၅ ။ ညီညီ မှန်တံခါး ကို ၆ ။ အစ်မကြီး အဝတ် တွေ ( က ) ပွတ်တိုက် နေ တယ် ။ ( ခ ) ကတွတ်ယို ဝယ် လာ တယ် ။ (ဂ) သွပ် မိုး ထား တယ် ။ (ဃ) ကွပ်ပျစ် မှာ ထိုင် နေ တယ် ။ (င) လျှော်ဖွပ် နေ တယ် ။ ( စ ) ကြက်ခွပ်တမ်း ကစား နေ ကြ တယ် ။ အဖြေမှန် လေး တွေ ရေး ကြ မယ် ။	G2	Primary
(ဂ) စကားလုံး ဆက် ကစား ကြ စို့ လား 	အမည် ကတ်ပြား နဲ့ ဆက်စပ် နိုင် တဲ့ စကားလုံး တွေ ရွေးချယ် ပြီး ဆက် ကြည့် ရ အောင် ပန်း စီး သည် လှ သည် စီး သည် စက်ဘီး ပေး သည် မောင်း သည် ကား ဝယ် သည် မြင်း စား သည် ရောင်း သည် ငှက်ပျောသီး ပြေး သည်	G2	Primary
အခန်း ၇	အသတ် လက္ခဏာ သိ မှတ် စရာ ဗျည်း နဲ့ တွဲ ကြ မှာ ( ၇)	G2	Primary
( က ) အိတ် ( - ိတ် ) အိပ် ( - ိပ် ) အသတ် များ သင်ကြား ကြ စို့ လား 	အိတ် အိပ် - ိပ် တ်ိပ် ကိတ် ကိပ် စိတ် စိပ် ဆိတ် ဆိပ် တိတ် တိပ် ပိတ် လိပ် ကျိတ် ကျိပ် ချိတ် ချိပ် ကြိတ် မှိတ် မြိတ် နှိပ်	G2	Primary
စာ လုံး ကလေး တွေ ထောက် ကာ ရယ် ဖတ် ကြည့် ရေး ကြည့် မယ် ။ 	ကိတ် ကိပ် မှိတ် ကျိပ် ကြိတ်	G2	Primary
ရုပ်ပုံ ကလေး တွေ ကြည့် ကာ ရယ် ရွတ်ဆို ရေး ကြည့် မယ် ။ 	လွယ်အိတ် လိပ်ပြာ ဆိတ် ငါးမျှားချိတ် ဆန်အိတ် ကောက်ရိတ် လိပ် ပုရွက်ဆိတ် ပိတ်စ အိပ်ရာ မိတ်ဆွေ စိပ်ပုတီး တံစက်မြိတ် လိပ်စာ ကြိတ်ဆုံ တိတ်ဆိတ် ဂိတ်ပေါက် အထည်အလိပ်	G2	Primary
စကားလုံး ကလေး တွေ စီ ကာ ရယ် ရွတ်ဆို ရေး ကြည့် မယ် ။ 	လူ ကလေး အိပ် ချင် ပြီ ။ တေး ဆို ၍ သိပ် ပါ ။ မျက်စိ မှိတ် လာ ပြီ ။ တိတ်တိတ်ဆိတ်ဆိတ် နေ ကြ ပါ ။ အထိတ်တလန့် မ ဖြစ် ပါ စေ နှင့် ။	G2	Primary
စကားလုံး ကလေး တွေ စီ ကာ ရယ် ရွတ်ဆို ရေး ကြည့် မယ် ။ 	ဆိတ် နှင့် ကြက် မွေး ထား သည် ။ ဆန်ကွဲ တစ် အိတ် လို ချင် သည် ။ အဖိတ်နေ့ လာ ယူ ပါ မည် ။ တစ်ဆိတ် ကူညီ ပါ ။ စိတ်မရှိ ပါ နှင့် ။	G2	Primary
စကားလုံး ကလေး တွေ စီ ကာ ရယ် ရွတ်ဆို ရေး ကြည့် မယ် ။ 	ကိုဖိုးဆိတ် ကြိတ်ထိုး နေ သည် ။ အိမ်ရိပ် မှာ စပါး ပုံ ရှိ ၏ ။ ဆန် တစ် စိတ် လောက် ကြိတ် ပေး ပါ ။ ဖျင်အိတ် နှင့် ထည့် ယူ မ လား ။ မ ဖိတ် မ စဉ် ပါ စေ နှင့် ။	G2	Primary
စကားလုံး ကလေး တွေ စီ ကာ ရယ် ရွတ်ဆို ရေး ကြည့် မယ် ။ 	ကောက်ရိတ် ပြိုင်ပွဲ ကျင်းပ သည် ။ အကြိတ်အနယ် ပြိုင် ကြ သည် ။ ကြိတ်ကြိတ်တိုး စည်ကား သည် ။ ကောက်ညှင်း ငချိပ် ကျွေး သည် ။ ပိတ်စ နှင့် လွယ်အိတ် များ ဆုချ သည် ။	G2	Primary
ကွက်လပ် ဖြည့် ကြ ရ အောင် ။ 	( ၁ ) မြိတ် ရိပ် မိတ် အိတ် ညောင်ပင် ____ မှာ ကိုဖိုးဆိတ် တို့ အိမ် ရှိ သည် ။ တံစက် ____ အောက် က ဝင် ပါ ။ ____ ဆွေ လာ သလား ။ ဆန် တစ် ____ သယ် လာ သည် ။ (	G2	Primary
ကွက်လပ် ဖြည့် ကြ ရ အောင် ။ 	၂ ) မိတ် ချိပ် ဖိတ် ရိပ် ရိတ် ကောက် ____ သိမ်း ချိန် ____ ဆွေ များ ကို ခေါ် ပါ ။ သစ်ပင် ____ မှာ ____ နား ပါ ။ င ____ ပေါင်း ကျွေး မည် ။	G2	Primary
ကွက်လပ် ဖြည့် ကြ ရ အောင် ။ 	( ၃ ) သိပ် မှိတ် တိတ် အိပ် ပုခက် ထဲ မှာ ကလေး ____ ပျော် နေ သလား ။ မျက်စိ ____ လာ ပြီ ။ ချော့ ____ ပေး ပါ ။ ____ ဆိတ် စွာ နေ ပါ ။	G2	Primary
( ခ ) အုတ် ( - ုတ် ) အုပ် ( - ုပ် ) အသတ် များ သင်ကြား ကြ စို့ လား 	အုတ် အုပ် အုပ် ကုပ် ကုတ် ကျုတ် ခုတ် ခြုတ် ငုတ် ဂျုတ် စုတ် ပြုတ် ဆုတ် ဖြုတ် တုပ် နှုတ် ထုပ် မှုတ် ပုပ် ရှုပ် ရုပ် လှုပ် လုပ် မြှုပ်	G2	Primary
စာ လုံး ကလေး တွေ ထောက် ကာ ရယ် ဖတ် ကြည့် ရေး ကြည့် မယ် ။ 	ကုတ် ကျုတ် တုပ် နှုတ်	G2	Primary
ရုပ်ပုံ ကလေး တွေ ကြည့် ကာ ရယ် ရွတ်ဆို ရေး ကြည့် မယ် ။ 	ဦးထုပ် ငရုတ်သီး ဆွမ်းအုပ် အပ်ချုပ်စက် သစ်ကုလားအုတ် ဝါးလက်ခုပ် အိုးပုတ် ကောက်ညှင်းထုပ် ရေမှုတ် တောအုပ် ရုတ်တရက် အတီးအမှုတ် ခဏတစ်ဖြုတ် ဖားပြုပ် ဆောက်လုပ် ထမင်းလုတ် နွားတင်းကုပ် ရုပ်မြင်သံကြား	G2	Primary
စကားလုံး ကလေး တွေ စီ ကာ ရယ် ရွတ်ဆို ရေး ကြည့် မယ် ။ 	မေမေ့ နား မှာ တကုပ်ကုပ် ညီလေး ဘာ တွေ လုပ် ။ အိုးပုတ် ချိုးရုပ် ဖိုးဝရုပ် ပလုတ်တုတ်တုတ် တလှုပ်လှုပ် ညီလေး ဒါ တွေ လုပ် ။	G2	Primary
စကားလုံး ကလေး တွေ စီ ကာ ရယ် ရွတ်ဆို ရေး ကြည့် မယ် ။ 	တရုတ်စံကားပင် နွားတင်းကုပ် နား မှာ ရှိ သည် ။ အဆုပ်အဆုပ် ပွင့် သည် ။ အပွင့် ကို ပြုတ် ပါ ။ လက်သုပ် သုပ် စား ရ အောင် ။	G2	Primary
စကားလုံး ကလေး တွေ စီ ကာ ရယ် ရွတ်ဆို ရေး ကြည့် မယ် ။ 	မှန် တာ လုပ် ဟုတ် တာ ပြော ။ အချိန်မီ ချုပ် အစုတ် သက်သာ ။ တစ် ချက် ခုတ် နှစ် ချက် ပြတ် ။ တစ် လုတ် ကျွေး ဖူး သူ့ ကျေးဇူး ။	G2	Primary
စကားလုံး ကလေး တွေ စီ ကာ ရယ် ရွတ်ဆို ရေး ကြည့် မယ် ။ 	ရွှေ လက်ခုပ် အုပ် ကာ တီး ငှက်ပျောသီး မှည့်မှည့် စား ရ အောင် ။ နှမ်းပျစ် ဖက်ထုပ် ပေါက်ပေါက်ဆုပ် ရွှေ နှုတ် အပြည့် ဝါး ရ အောင် ။	G2	Primary
ကွက်လပ် ဖြည့် ကြ ရ အောင် ။ 	ဟုတ် မှန် ပဲ ပြုတ် အလုပ် စုပ်ယူ ဖုံးအုပ် ( က ) စားစရာ များ ကို ____ ထား ရ မည် ။ ( ခ ) စကား ပြော ရာ တွင် ____ သော စကား ကို ပြော ပါ ။ (ဂ) ဦးဦး ____ များ နေ သည် ။ (ဃ) ပျား များ ပန်းဝတ်ရည် ကို ____ ကြ သည် ။ (င) မနက် တိုင်း ____ ဆီ ဆမ်း စား သည် ။	G2	Primary
ရုပ်ပုံ ကြည့် ပြီး စာ စီ မယ် ။ 	ကျင်းပ သည် သီတင်းကျွတ်ပွဲ သီတင်းကျွတ်ပွဲ ကျင်းပ သည် ။ ပွင့် နေ သည် နှင်းဆီပန်း များ ကန် ထဲ တွင် ရေကူး နေ သည် ဘဲ ကလေး များ စာဖတ် နေ သည် စာကြည့်တိုက် တွင် ကျောင်းသား များ	G2	Primary
ရုပ်ပုံ ကြည့် ပြီး စာ စီ မယ် ။ 	ရထား ဆိုက် လာ သည် ဘူတာရုံ သို့ ကြက် ကလေး များ ကို အစာ ကျွေး နေ သည် မမ သည် ပျံဝဲ နေ သည် ငှက် ကလေး များ ကောင်းကင် တွင် ပျော်ရွှင် စွာ ကစား ကွင်း တွင် ကလေး များ ကစား နေ သည်	G2	Primary
အခန်း ၈	ပုံ ပြော ကြ မယ် နားထောင် ကွယ် စာလုံးဆင့် လည်း သင် ကြ မယ်	G2	Primary
( က ) စာ လုံး ဆင့် ( ပါဌ် ဆင့် ) များ သင်ကြား ကြ စို့ လား 	-က် + က ( က္က ) တက္ကသိုလ်	G2	Primary
( က ) စာ လုံး ဆင့် ( ပါဌ် ဆင့် ) များ သင်ကြား ကြ စို့ လား 	-ဉ် + ဉ ( ည ) ပညာ	G2	Primary
( က ) စာ လုံး ဆင့် ( ပါဌ် ဆင့် ) များ သင်ကြား ကြ စို့ လား 	-တ် + တ ( တ္တ ) သတ္တဝါ	G2	Primary
( က ) စာ လုံး ဆင့် ( ပါဌ် ဆင့် ) များ သင်ကြား ကြ စို့ လား 	-န် + ​န ( န္န ) ပိန္နဲသီး	G2	Primary
( က ) စာ လုံး ဆင့် ( ပါဌ် ဆင့် ) များ သင်ကြား ကြ စို့ လား 	-ပ် + ပ ( ပ္ပ ) အဓိပ္ပာယ်	G2	Primary
( က ) စာ လုံး ဆင့် ( ပါဌ် ဆင့် ) များ သင်ကြား ကြ စို့ လား 	ယ် + ယ ( ယျ ) ဥယျာဉ်	G2	Primary
( က ) စာ လုံး ဆင့် ( ပါဌ် ဆင့် ) များ သင်ကြား ကြ စို့ လား 	-သ် + သ ( ဿ )ပိဿာ	G2	Primary
( က ) စာ လုံး ဆင့် ( ပါဌ် ဆင့် ) များ သင်ကြား ကြ စို့ လား 	-င် + က ( င်္က ) လင်္ကာ	G2	Primary
( က ) စာ လုံး ဆင့် ( ပါဌ် ဆင့် ) များ သင်ကြား ကြ စို့ လား 	-စ် + ဆ ( စ္ဆ ) တိရစ္ဆာန်	G2	Primary
( က ) စာ လုံး ဆင့် ( ပါဌ် ဆင့် ) များ သင်ကြား ကြ စို့ လား 	-ဉ် + စ ( ဉ္စ ) ပဉ္စမ	G2	Primary
( က ) စာ လုံး ဆင့် ( ပါဌ် ဆင့် ) များ သင်ကြား ကြ စို့ လား 	-ဏ် + ဌ ( ဏ္ဌ ) ပုံသဏ္ဌာန်	G2	Primary
( က ) စာ လုံး ဆင့် ( ပါဌ် ဆင့် ) များ သင်ကြား ကြ စို့ လား 	-ဏ် + ဍ ( ဏ္ဍ ) ကဏ္ဍ	G2	Primary
( က ) စာ လုံး ဆင့် ( ပါဌ် ဆင့် ) များ သင်ကြား ကြ စို့ လား 	-မ် + ဘ ( မ္ဘ ) ကမ္ဘာ	G2	Primary
စာ လုံး ကလေး တွေ ထောက် ကာ ရယ် ဖတ် ကြည့် ရေး ကြည့် မယ် ။ 	ပညာ တိရစ္ဆာန်ဥယျာဉ် ပဉ္စမ	G2	Primary
ရုပ်ပုံ ကလေး တွေ ကြည့် ကာ ရယ် ရွတ်ဆို ရေး ကြည့် မယ် ။ 	စက္ကူလှေ သစ္စာပန်း ကမ္ဘာလုံး ပတ္တလား ရှပ်အင်္ကျီ သင်္ဘော သင်္ကြန်မဏ္ဍပ် ပိန္နဲသီး သဒ္ဒါ မင်္ဂလာ ကုက္ကိုပင် တနင်္ဂနွေ ကုန် ပစ္စည်း သတ္တိ ပိဿာ အဓိပ္ပာယ် လိမ္မော်သီး ပုံသဏ္ဌာန်	G2	Primary
စကားလုံး ကလေး တွေ စီ ကာ ရယ် ရွတ်ဆို ရေး ကြည့် မယ် ။ 	ဆရာ့ မေတ္တာ စေတနာ တာဝန် ဝတ္တရား မ ပျက် ပါ ။ တတ် လိမ္မာ ဖို့ တပည့် တို့ အနန္တဂိုဏ်းဝင် မှတ် ပါ စို့ ။	G2	Primary
စကားလုံး ကလေး တွေ စီ ကာ ရယ် ရွတ်ဆို ရေး ကြည့် မယ် ။ 	မန္တလေး တက္ကသိုလ် မှ လေ့လာ ရေး အဖွဲ့ ပုပ္ပား တောင် ပေါ် တက် ခဲ့ သည် ။ စန္ဒကူးပင် များ လေ့လာ ခဲ့ သည် ။ ပုဂံ တွင် အာနန္ဒာ ဘုရား ဖူး ခဲ့ သည် ။ ဗုဒ္ဓဟူးနေ့ က ပြန်ရောက် ခဲ့ ကြ သည် ။	G2	Primary
စကားလုံး ကလေး တွေ စီ ကာ ရယ် ရွတ်ဆို ရေး ကြည့် မယ် ။ 	ကန္ဒရဝတီ ငွေတောင်ပြည် ဒွေးမယ်နော် တို့ ကိန္နရီ ။ ပုံ ဝတ္ထု ကောင်း ဇာတ်လမ်း ရှည် ကြား ဖူး ခဲ့ သော ဒဏ္ဍာရီ ။	G2	Primary
စကားလုံး ကလေး တွေ စီ ကာ ရယ် ရွတ်ဆို ရေး ကြည့် မယ် ။ 	နံရံ မှာ ပြက္ခဒိန် တစ် ခု မြန်မာ သက္ကရာဇ် ဘယ် နှ ခုနှစ် လဲ ။ ဓမ္မစကြာနေ့ က ဘယ် လ မှာ လဲ ။ သတ္တမ မြောက် လ က ဘာ လ လဲ ။ ခရစ္စမတ် နေ့ ကို တွေ့ သလား ။ အမေးပုစ္ဆာ များ ဖြေ ကြည့် ပါ ။	G2	Primary
ကွက်လပ် ဖြည့် ကြ ရ အောင် ။ 	ကုက္ကိုပင် လိမ္မော်သီး တနင်္ဂနွေ သိပ္ပံ ပုစ္ဆာ ( က ) ကျွန်တော် တို့ ရွာ အဝင် တွင် ____ များ ရှိ ပါ သည် ။ ( ခ ) မမ သည် အသီး များ ထဲ တွင် ____ ကို အကြိုက်ဆုံး ဖြစ် သည် ။ (ဂ) ကျွန်တော် တို့ မိသားစု သည် ____ နေ့ က ရုပ်ရှင်ရုံ သို့ သွား ခဲ့ သည် ။ (ဃ) ကျွန်တော် က ____ ဘာသာရပ် ကို စိတ်ဝင်စား သည် ။ (င) ကလေး များ သည် သင်္ချာ ____ များ တွက် နေ ကြ သည် ။	G2	Primary
( ခ ) ကြာ အေး ( ကဗျာ ) 	ကြာအေး ကြာအေး ကို သူ့ အမေ ရိုက် လို့ မှောင်မိုက် မှာ ငို ။ ကိုလူပျို ထရံပေါက် က ခြေထောက် ကို ဆွဲ တွဲလဲ ။ တွဲလဲ နေ ပါ ဦး မိုး တောင် က ချုန်း မုန့်လုံး ။ မုန့်လုံး စက္ကူ ကပ် ပါ လို့ ကြာ ကလပ် နှင့် ဆွမ်းတော်တင် ။ ပလ္လင် ပေါ် က မျောက် ကလေး ဆင်း တယ် လို့ ပြေး ကြာအေး ။ အမည် မ သိ ရှေး စာဆို	G2	Primary
ကြာ အေး 	ဦး ကို အုံး ဟု အသံ ထွက် ပါ ။ ကြာအေး ကို ဂျာအေး ဟု အသံ ထွက် ပါ ။ ဟန် အမူအရာ နဲ့ ဆို နိုင် ကြ ရဲ့ လား	G2	Primary
ပညာ ရှိ ဇီးကွက် ( ပုံပြင် ) 	ပညာရှိ ဇီးကွက် တစ် ခါ တုန်း က ဦးဇီးကွက် ဆို တဲ့ ပညာရှိ ကြီး တစ် ဦး ရှိ သတဲ့ ။ ဦးဇီးကွက် တို့ နေထိုင် ရာ တောအုပ် ထဲ မှာ မသမင် ၊ ကိုတောက်တဲ့ ၊ ရှဉ့် ကလေး စပ်စု ၊ ကိုရွှေကျီး ၊ မဥဩ မိသားစု တို့ အတူ နေထိုင် ကြ သတဲ့ ။	G2	Primary
ပညာ ရှိ ဇီးကွက် ( ပုံပြင် ) 	သူ တို့ တွေ အားလုံး ဟာ အရေးကိစ္စ ကြုံ လာ ရင် ဦးဇီးကွက် ဆီ သွား ပြီး တိုင်ပင် ကြ တယ် ။ ဦးဇီးကွက် ကြီး က မျှမျှတတ ဆက်ဆံ ပြီး အကြံ ကောင်း ဉာဏ် ကောင်း တွေ လဲ ပေး တတ် တဲ့ အတွက် ဘာ အန္တရာယ် မှ မ ကျ ရောက် ဖူး ဘူး တဲ့ ။	G2	Primary
ပညာ ရှိ ဇီးကွက် ( ပုံပြင် ) 	"ဦးဇီးကွက် ကြီး က သူ နဲ့ အတူ နေ တဲ့ တိရစ္ဆာန် ကလေး တွေ ကို "" အေး .. ကမ္ဘာ လောက ကြီး ထဲ မှာ ငြိမ်းငြိမ်းချမ်းချမ်း နေထိုင် ချင် ရင် အချင်းချင်း မေတ္တာ ထား ကြ ရိုင်းပင်း ကူညီ ကြ သစ္စာ ရှိ ကြ စည်းလုံး ကြ ကွဲ ဒါ မှ ဒုက္ခ တွေ က ကင်းဝေး မှာ ဇီးကွက် ... ဇီးကွက် "" လို့ အမြဲ ဆိုဆုံးမ သတဲ့ ။ အားလုံး က လဲ ညီညီညွတ်ညွတ် နဲ့ လိုက်နာ ဆောင်ရွက် ကြ သတဲ့ ... မဥဩ က လဲ "" ဥဩ .. ဥဩ "" လို့ အော်မြည် တယ် ။ ကိုတောက်တဲ့ က "" တောက်တဲ့ ... တောက်တဲ့ "" နဲ့ ထောက်ခံ သလို"	G2	Primary
ပညာ ရှိ ဇီးကွက် ( ပုံပြင် ) 	"ရှဉ့် ကလေး စပ်စု က လဲ "" ကျွိ ... ကျွိ ... ကျွိ "" .. ကိုရွှေကျီး က လဲ "" အား ... အား ... အား "" နဲ့ သမင်မလေး က လဲ သူ ရဲ့ လှပ တဲ့ မျက်လုံး ကလေး နဲ့ ကြည့် ပြီး ဦးခေါင်း လေး ကို ညိတ် ပြ သတဲ့ ကွယ် ..."	G2	Primary
လေ့ကျင့်ခန်း 	၁ ။ အချင်းချင်း ဘယ်လို နေထိုင် ကြ မ လဲ ။ ၂ ။ ဦးဇီးကွက် ကြီး က ဘယ်လို ဆုံးမ သလဲ ။ ၃ ။ ပုံပြင် ထဲ မှာ ပါ တဲ့ အသတ် ၊ ပါဌ်ဆင့် စကားလုံး လေး တွေ ကို ဝိုင်း ကြ ရ အောင် ။ ကဲ ကလေး တို့ ဆို ရင် ရော ဘယ်လို ဖြေ မ လဲ	G2	Primary
အခန်း ၉	ကိုယ့် အကြောင်း ကလေး တွေ ပြော ကာရယ် စာပိုဒ် ကလေး တွေ ရေး ကြ မယ်	G2	Primary
( က ) ကိုယ့် အကြောင်း ကလေး တွေ ရေး ကြည့် ကြ ရ အောင် 	ကျွန်တော် ရဲ့ နာမည် က မောင်လှ ဖြစ် ပါ တယ် ။ အဖေ က ဦးဘ ဖြစ် ပါ တယ် ။ အမေ က ဒေါ်အေး ဖြစ် ပါ တယ် ။ ကျွန်တော် တို့ က ထန်းသုံးပင် ရွာ မှာ နေ ကြ ပါ တယ် ။ ကျွန်တော့် မိဘ တွေ က လယ်လုပ် ကြ ပါ တယ် ။ ကျွန်တော့် မှာ အစ်ကို တစ် ယောက် အစ်မ တစ် ယောက် ရှိ ပါ တယ် ။ ကျွန်တော် တို့ ရွာ က မူလတန်း ကျောင်း မှာ ကျောင်းတက် နေ ပါ တယ် ။ အခု ကျွန်တော် ဒုတိယ တန်း ကျောင်းသား ပါ ။	G2	Primary
( က ) ကိုယ့် အကြောင်း ကလေး တွေ ရေး ကြည့် ကြ ရ အောင် 	မောင်လှ အကြောင်း ကို ပြော ပြီး ပြီ ဆိုတော့ သား တို့ သမီး တို့ လဲ ကိုယ့် အကြောင်း ကလေး တွေ ကို သူငယ်ချင်း တွေ နဲ့ ပြော ကြည့် ကြ ရ အောင် ကျွန်တော် ရဲ့ နာမည် ____ ကျွန်တော် ရဲ့ အဖေ ____ ကျွန်တော် ရဲ့ အမေ ____ ကျွန်မ ရဲ့ နာမည် ____ ကျွန်မ က ____ နေ ပါ တယ် ကျွန်မ မှာ ____ ရှိ ပါ တယ်	G2	Primary
( က ) ကိုယ့် အကြောင်း ကလေး တွေ ရေး ကြည့် ကြ ရ အောင် 	သား တို့ သမီး တို့ လဲ ကိုယ့် အကြောင်း ကို ဝါကျ ကလေး တွေ ရေး ကြ ရ အောင် ကျွန်တော် ၏ အကြောင်း ၁ ။ ကျွန်တော် ၏ အမည် သည် မောင်လှ ဖြစ် ပါ သည် ။ ၂ ။ ကျွန်တော် ၏ ဖခင် သည် ဦးဘ ဖြစ် ပါ သည် ။ ၃ ။ ကျွန်တော် ၏ မိခင် သည် ဒေါ်အေး ဖြစ် ပါ သည် ။ ၄ ။ ကျွန်တော် တို့ သည် ထန်းသုံးပင် ရွာ တွင် နေ ကြ ပါ သည် ။ ၅ ။ ကျွန်တော် ၏ မိဘ များ သည် လယ်လုပ် ကြ ပါ သည် ။ ၆ ။ ကျွန်တော့် မှာ အစ်ကို တစ် ယောက် အစ်မ တစ် ယောက် ရှိ ပါ သည် ။ ၇ ။ ကျွန်တော် တို့ သည် ရွာ ရှိ မူလတန်း ကျောင်း ၌ ပညာ သင်ယူ နေ ကြ ပါ သည် ။ ၈ ။ ကျွန်တော် ယခု ဒုတိယ တန်း ကျောင်းသား ဖြစ် ပါ သည် ။ ၁ ။ ၂ ။ ၃ ။ ၄ ။ အပြော နဲ့ အရေး မ တူ တာ ကို သတိထား မိ ကြ ရဲ့ လား ဝါကျ တစ် ခု စီ ရဲ့ အဆုံး မှာ ပုဒ်မ ကလေး တွေ ချ ရ မယ် နော်	G2	Primary
ကျွန်တော် ၏ အကြောင်း 	ကျွန်တော် ၏ အမည် သည် မောင်လှ ဖြစ် ပါ သည် ။ ကျွန်တော် ၏ ဖခင် သည် ဦးဘ ဖြစ် ပါ သည် ။ ကျွန်တော် ၏ မိခင် သည် ဒေါ်အေး ဖြစ် ပါ သည် ။ ကျွန်တော် တို့ သည် ထန်းသုံးပင် ရွာ တွင် နေ ကြ ပါ သည် ။ ကျွန်တော် ၏ မိဘ များ သည် လယ် လုပ် ကြ ပါ သည် ။ ကျွန်တော့် မှာ အစ်ကို တစ် ယောက် အစ်မ တစ် ယောက် ရှိ ပါ သည် ။ ကျွန်တော် တို့ သည် ရွာ ရှိ မူလတန်း ကျောင်း ၌ ပညာ သင်ယူ နေ ကြ ပါ သည် ။ ကျွန်တော် ယခု ဒုတိယ တန်း ကျောင်းသား ဖြစ် ပါ သည် ။ သား တို့ သမီး တို့ လဲ ကိုယ့် အကြောင်း ကလေး တွေ ကို စာပိုဒ် ရေး ကြည့် ကြ ရ အောင် ... .	G2	Primary
ကျွန်တော် ၏ အကြောင်း 	ကျွန်တော် ၏ အမည် သည် မောင်လှ ဖြစ် ပါ သည် ။ ကျွန်တော် ၏ ဖခင် သည် ဦးဘ ဖြစ် ပါ သည် ။ ကျွန်တော် ၏ မိခင် သည် ဒေါ်အေး ဖြစ် ပါ သည် ။ ကျွန်တော် တို့ သည် ထန်းသုံးပင် ရွာ တွင် နေ ကြ ပါ သည် ။ ကျွန်တော် ၏ မိဘ များ သည် လယ်လုပ် ကြ ပါ သည် ။ ကျွန်တော့် မှာ အစ်ကို တစ် ယောက် အစ်မ တစ် ယောက် ရှိ ပါ သည် ။ ကျွန်တော် တို့ သည် ရွာ ရှိ မူလတန်း ကျောင်း ၌ ပညာ သင်ယူ နေ ကြ ပါ သည် ။ ကျွန်တော် ယခု ဒုတိယ တန်း ကျောင်းသား ဖြစ် ပါ သည် ။	G2	Primary
လေ့ကျင့်ခန်း 	စာပိုဒ် ကလေး တွေ သေသေချာချာ ရေး နိုင် ကြ ရဲ့ လား ၁ ။ ပြည့်ပြည့်စုံစုံ ကော ရေး နိုင် ရဲ့ လား ။ ၂ ။ ဘာ များ ထပ် ဖြည့် ရေး ချင် သေး သလဲ ။ ၃ ။ ဝါကျ ရဲ့ ဘယ် နေရာ မှာ ပုဒ်မ ကလေး တွေ ထည့် ရ မှာ လဲ ။	G2	Primary
( ခ ) စိတ် ခံစား ချက် စကားလုံး တွေ ကို ရေး ကြည့် ကြ ရ အောင် 	ချစ် တယ် ပျော် တယ် ရဲရင့် တယ် စိတ်ဆိုး တယ် ဝမ်းနည်း တယ် မုန်း တယ် ... အံ့ဩ တယ် .. သနား တယ် ကြောက် တယ်	G2	Primary
(ဂ) တို့ တာဝန် 	လယ်သမားကြီး ဦးသာအောင် စပါး စိုက် ကာ ပြည် ကျိုး ဆောင် ။ ကိုဖိုးမောင် အလုပ်သမား ကုန်ထုတ် တိုး ဖို့ သူ ကြိုးစား ။ ဦးဖိုးကျား က ကျောင်း ဆရာ စာပေ တတ် ဖို့ သင် ပေး တာ ။ မောင်ထွန်းသာ တပ်မတော်သား နိုင်ငံ့ရန် ကို ကာကွယ် ထား ။ စာပို့လုပ်သား မောင်သိန်းတန် စာ ပို့ ရာ တွင် အချိန် မှန် ။ ကိုသာဇံ မီးသတ်သမား မီးသတ် ရာ တွင် သူ စွန့်စား ။	G2	Primary
(ဂ) တို့ တာဝန် 	ရဲသားကြီး က ကိုလှရွှေ လူဆိုး ဖမ်း ဖို့ တာဝန်ကျေ ။ တို့ လုံမေ မခင်မြ ယာဉ်ထိန်း ရာ တွင် ကျွမ်းကျင် လှ ။ ဦးစိန်ဘ က ဆရာဝန် ကုသရေး မှာ သူ ထူးချွန် ။ မလှမွန် သူနာပြု စေတနာ နှင့် သူ ပြုစု ။ ဦးသာနု က ခေါင်းဆောင် ကာ ကျေးရွာ ကောင်းကျိုး သယ်ပိုး မှာ ။ ကားဆရာ ကိုဘသောင်း ဘေးရန် ကြည့် ၍ သတိ နှင့် မောင်း ။ ကျောင်းသူ ကျောင်းသား တို့ အဖော် အရွယ် ရောက် လို့ ကြီးပြင်း သော် ။ ပညာတော် မြတ် စိတ်ထား တာဝန် ကိုယ်စီ ထမ်း စို့ လား ။ တက္ကသိုလ်မောင်မောင်ကြီး	G2	Primary
( က ) အဘိုးအို နှင့် သား သုံး ယောက် ( ပုံပြင် ) 	ဟိုရှေးရှေးတုန်း က အဘိုးအို တစ် ယောက် မှာ သား သုံး ယောက် ရှိ သတဲ့ ။ အဲဒီ သား သုံး ယောက် က အချင်းချင်း မ တည့် ကြ ဘူး တဲ့ ။ အဘိုးအို ဟာ သား သုံး ယောက် ကို ထင်း တစ် စည်း ပေး ပြီး တစ် ယောက် ပြီး တစ် ယောက် အစည်း လိုက် ချိုး ခိုင်း သတဲ့ ။ သား တွေ ဟာ ကြိုးစား ပြီး ချိုး ကြ ပေမဲ့ ထင်းစည်း က မ ကျိုး နိုင် ဘူး တဲ့ ကွယ် ။	G2	Primary
( က ) အဘိုးအို နှင့် သား သုံး ယောက် ( ပုံပြင် ) 	ဒီ အခါ မှာ အဘိုးအို က ထင်းစည်း ကို ဖြေ ခိုင်း လိုက် ပြီး တစ် ယောက် တစ် ချောင်း စီ ချိုး ခိုင်း ပြန် သတဲ့ ။ ဒီ တစ် ခါ တော့ သား တွေ ဟာ ထင်းချောင်း တွေ ကို လွယ်လွယ် နဲ့ ချိုး နိုင် ကြ တာ ပေါ့ ။	G2	Primary
( က ) အဘိုးအို နှင့် သား သုံး ယောက် ( ပုံပြင် ) 	"ဒီ တော့ အဘိုးအို က "" သား တို့ ထင်းစည်း ကို အစည်း လိုက် ချိုး ရင် မ ကျိုး နိုင် ဘူး တစ် ချောင်း စီ ချိုး တော့ ကျိုး နိုင် တယ် ဒါ ကြောင့် သား တို့ လဲ ထင်းစည်း လို စည်းစည်းလုံးလုံး နေ ကြ ကွယ် "" လို့ ဆုံးမ သတဲ့ ။ သား တွေ က "" ဟုတ်ကဲ့ ပါ အဖေ "" လို့ ပြော ကြ သတဲ့ ကွယ် ။"	G2	Primary
ဖတ် ကြည့် ကြ ရ အောင် 	"အဘိုးအို နှင့် သား သုံး ယောက် ရှေးသရော အခါ အဘိုးအို တစ် ဦး တွင် သား သုံး ယောက် ရှိ လေ သည် ။ သား သုံး ယောက် သည် တစ် ဦး နှင့် တစ် ဦး မ သင့် မ မြတ် ဖြစ် နေ ကြ သည် ။ အဘိုးအို သည် ထင်း တစ် စည်း ကို သား သုံး ယောက် အားပေး ၍ တစ် ယောက် ပြီး တစ် ယောက် ချိုး စေ ၏ ။ သား တို့ သည် အားထုတ် ၍ ချိုး ကြ သော်လည်း ထင်းစည်း က မ ကျိုး နိုင် ပါ ။ ထိုအခါ အဘိုးအို က ထင်းစည်း ကို ဖြေ စေ ၍ တစ် ယောက် တစ် ချောင်း ချင်း စီ ချိုး စေ ပြန် ၏ ။ သား တို့ သည် ထင်းချောင်း များ ကို အလွယ်တကူ ချိုး နိုင် ကြ လေ သည် ။ အဘိုးအို က "" ချစ် သား တို့ ၊ ထင်းစည်း ကို အစည်း လိုက် ချိုး သော် မ ကျိုး နိုင် ၊ တစ် ချောင်း စီ ချိုး သော် ကျိုး နိုင် ၏ ။ ထို့ကြောင့် ချစ်သား တို့ သည် ထင်းစည်း ကဲ့သို့ စည်းစည်းလုံးလုံး နေ ကြ လော့ "" ဟု ဆုံးမ လေ သည် ။ သား တို့ က "" ကောင်း ပါ ပြီ ဖခင် "" ဟု ဝန်ခံ ကြ လေ သတည်း ။"	G2	Primary
စာလုံးပေါင်း လေ့ကျင့် မယ် ။ 	ဆုံးမ ထင်းစည်း မ ကျိုး နိုင် အားထုတ် အလွယ်တကူ အစည်းလိုက် စည်းစည်းလုံးလုံး	G2	Primary
လေ့ကျင့်ခန်း 	၁ ။ အဘိုးအို သည် သား သုံး ယောက် ကို မည်သည့် အရာ ကို ပေး ၍ မည် သို့ ပြုလုပ် ခိုင်း သနည်း ။ ၂ ။ သား တို့ သည် ထင်းစည်း ကို အဘယ်ကြောင့် မ ချိုး နိုင် ပါ သနည်း ။ ၃ ။ သား တို့ သည် ထင်းချောင်း ကို အဘယ်ကြောင့် ချိုး နိုင် ပါ သနည်း ။ ၄ ။ အဘိုးအို သည် သား သုံး ယောက် ကို မည် ကဲ့သို့ နေ ရန် ပြော သနည်း ။ အပြော စကား နဲ့ အရေး စကား မ တူ တာ ကို သတိထား မိ ကြ ရဲ့ လား	G2	Primary
( ခ ) ဖိုးလနတ်သား ( ကဗျာ ) 	ဖိုးလနတ်သား ရွှေ လ မှာ ယုန် ဝပ် လို့ ဆန် ဖွပ် သည့် အဘိုးအို ဟော ကြည့် ပါ ဆို ။ ဆို သာ ဆို ပိုမို သည့် စကား ။ ကလေး အငိုတိတ် အောင် အရိပ်အယောင် ပြ တယ် ဖိုးလနတ်သား ။ အမည် မ သိ ရှေး စာဆို ဟန် အမူအရာ နဲ့ ဆို နိုင် ကြ ရဲ့ လား	G2	Primary
ပျော်ရွှင် စရာ တို့ ကျောင်း မှာ 	မင်္ဂလာ ပါ ... တို့ နာမည် က အေးအေး ပါ ။ တို့ ကျောင်း က ရွာ အဝင် မှာ ရှိ တယ် ။ စာသင်ခန်း တွေ က ကျယ်ဝန်း ပြီး လေ ကောင်း လေ သန့် ရ တယ် ။ ပြတင်းပေါက် တွေ ရှိ လို့ အလင်းရောင် ကောင်းကောင်း ရ တယ် ။ ကျောင်း ရှေ့ မှာ အလံတိုင် ရှိ တယ် ။ နိုင်ငံတော် အလံ ကို အလံတိုင် ထိပ် မှာ လွှင့်ထူ ထား တယ် ။ ကျောင်း မ တက် ခင် မနက် တိုင်း အလံ တော် ကို အလေးပြု ကြ တယ် ။ တို့ ကျောင်း က အမြဲ သန့်ရှင်း နေ တယ် ။ သောက်ရေအိုး တွေ ကို နေ့တိုင်း ဆေးကြော ပြီး သောက်ရေအိုးဖုံး နဲ့ ရေခွက် တွေ ကို လဲ သန့်ရှင်း အောင် ဆေး တယ် ။ အမှိုက် တွေ ကို အမှိုက်ပုံး ထဲ မှာ ထည့် ကြ တယ် ။ ကျောင်း သန့်ရှင်းရေး ကို နေ့တိုင်း လုပ် ကြ တယ် ။	G2	Primary
ပျော်ရွှင် စရာ တို့ ကျောင်း မှာ 	တို့ ကျောင်း မှာ စာကြည့်တိုက် ရှိ တယ် ။ ကျောင်းဝင်း ထဲ မှာ ကစား ကွင်း နဲ့ စိုက်ခင်း တွေ လဲ ရှိ တယ် ။ နေ့လယ် အားလပ်ချိန် မှာ ကျောင်းသား တချို့ က ကစားကွင်း မှာ ကစား ကြ တယ် ။ တချို့ က တော့ စာကြည့်တိုက် မှာ စာဖတ် ကြ တယ် ။ ၁ ။ အေးအေး တို့ စာသင်ခန်း က ဘယ်လို စာသင်ခန်း မျိုး လဲ ။ ၂ ။ ကျောင်း သန့်ရှင်းရေး အတွက် ဘာ တွေ လုပ် သင့် သလဲ ။ ၃ ။ ကိုယ် နေ တဲ့ ကျောင်း အကြောင်း ကို ရှင်းပြ ရ အောင် ။ ၄ ။ ကလေး တို့ ကျောင်း ကို ပို ကောင်း အောင် ဘာ တွေ လုပ် ချင် ကြ သေး သလဲ ။ သူငယ်ချင်း နဲ့ ပြော ကြည့် ကြ ရ အောင် ။	G2	Primary
စကားလုံး ကလေး တွေ ရဲ့ အဓိပ္ပာယ် ကို နားလည် သလို ပြော ကြည့် ကြ ရ အောင် 	ဆေးကြော အားလပ်ချိန် စာကြည့်တိုက် နေ့လယ် စိုက်ခင်း ကစားကွင်း အလင်းရောင် လေကောင်းလေသန့်	G2	Primary
ဘာ ယာဉ် တွေ စီး ဖူး သလဲ 	ရုပ်ပုံ ထဲ က ယာဉ် တွေ ရဲ့ နာမည် ကို ရေး ကြည့် ကြ ရ အောင် ကလေး တို့ ဘာ ယာဉ် တွေ စီး ဖူး သလဲ စက်ဘီး စက်ဘီး စီး ဖူး ပါ တယ်	G2	Primary
စီး ဖူး တဲ့ ယာဉ် ကို ပြော ပြီး မေးခွန်း လေး တွေ ဖြေ ကြည့် ကြ ရ အောင် 	၁ ။ ဘာ ယာဉ် တွေ စီး ဖူး သလဲ ။ ၂ ။ ဘယ်သူ နဲ့ အတူ စီး ခဲ့ သလဲ ။ ၃ ။ ဘယ်လို ခံစား ရ သလဲ ။	G2	Primary
(င) ဘကြီးဖြိုး တို့ အိမ် 	ကျွန်တော် တို့ ရွာ တွင် ဘကြီးဖြိုး တို့ အိမ် ပျက်စီး နေ ပါ သည် ။ ရွာသား များ က ဝိုင်းဝန်း ပြင်ဆင် ပေး ကြ ၏ ။ ရွာသား အချို့ က သစ် ဝါး များ ကို ခုတ် ပေး ကြ ၍ အချို့ က လှည်း ဖြင့် သယ် ပေး ကြ ပါ သည် ။	G2	Primary
(င) ဘကြီးဖြိုး တို့ အိမ် 	အသက် ရှစ်ဆယ် ကျော် ဖိုးလေးထွန်း ကပင် သက်ငယ် မိုး ရန် နှီးဖြာ ပေး သည် ။ ကျွန်တော် တို့ ကလေး များ က သက်ငယ်ပျစ် များ ကို ဝိုင်းဝန်း သယ်ယူ ပေး ပါ သည် ။ ဘကြီးဖြိုး ၏ ဇနီး အဘွားငြိမ်း က ကောက်ညှင်းပေါင်း ဖြင့် ဧည့်ခံ ပါ သည် ။ ကျွန်တော် တို့ အလွန် ပျော် ကြ ပါ သည် ။	G2	Primary
စာလုံးပေါင်း လေ့ကျင့် မယ် ။ 	ပျက်စီး ဝိုင်းဝန်း နှီးဖြာ သက်ငယ်ပျစ် ကောက်ညှင်းပေါင်း	G2	Primary
အောက် ပါ မေးခွန်း များ ကို ဖြေ ပါ ။ 	၁ ။ ဘကြီးဖြိုး တို့ အိမ် ပြင် သောအခါ မည် သူ တို့ က ကူညီ ကြ သနည်း ။ ၂ ။ ကလေး များ က မည် သို့ ကူညီ ကြ သနည်း ။ ၃ ။ အဘွားငြိမ်း က အဘယ်ကြောင့် ကောက်ညှင်းပေါင်း ကျွေး သည် ဟု ထင် သနည်း ။ ၄ ။ ကလေး တို့ လည်း အခြား သူ များ ကို အကူအညီ ပေး ဖူး သလား ။ အဘယ်ကြောင့် အကူအညီ ပေး ခဲ့ သနည်း ။	G2	Primary
အခန်း ၁၁ 	ပုံပြင် ကလေး တွေ ပြော ကာရယ် ဗဟုသုတ ရှာ ကြ မယ်	G2	Primary
( က ) စာဘူးတောင်း သိုက် ကလေး များ 	စာဘူးတောင်းငှက် သည် အဝါရောင် ရှိ သော ငှက် ငယ် ကလေး ဖြစ် သည် ။ စာကလေး မျိုးနွယ် ဖြစ် ၍ စာဘုန်းကြီး ဟု လည်း ခေါ် သည် ။ သူ တို့ ၏ အသိုက် ပြုလုပ် ပုံ မှာ စိတ်ဝင်စားစရာ ကောင်း သည် ။ မည်သည့် အသိုက် မျိုး နည်း ။	G2	Primary
( က ) စာဘူးတောင်း သိုက် ကလေး များ 	ပထမ အချက် မှာ ကောက်ရိုးခြောက် ၊ မြက်ခြောက် များ ကို အသုံးပြု ၍ အသိုက် ကို ရက် လုပ် ထား ခြင်း ဖြစ် သည် ။ အသိုက် များ ကို သေသေချာချာ ခိုင်ခံ့စွာ ရက် လုပ် ထား သော ကြောင့် အလွယ်တကူ မ ပျက်စီး နိုင် ပါ ။	G2	Primary
( က ) စာဘူးတောင်း သိုက် ကလေး များ 	ဒုတိယ အချက် မှာ အသိုက် အတွင်း ပိုးစုန်းကြူး ကလေး များ ကို ထည့် ထား ခြင်း ဖြစ် သည် ။ ပိုးစုန်းကြူး ကလေး များ ကို အသိုက် အတွင်း ရွှံ့ နှင့် ကပ် ထား ခြင်း ဖြင့် အလင်းရောင် ရ အောင် ပြုလုပ် ထား ပါ သည် ။	G2	Primary
( က ) စာဘူးတောင်း သိုက် ကလေး များ 	တတိယ အချက် မှာ ပုံစံ အနည်းငယ် မ တူညီ သော အသိုက် နှစ် မျိုး ကို တွေ့ ရ ခြင်း ဖြစ် သည် ။ အပင် မြင့် ရှိ အကိုင်း ပေါ် မှ တွဲလောင်း ကျ နေ သော အသိုက် သည် အဝ ကျယ် ပြီး အသိုက် အောက် နား တွင် တန်း ကလေး ရှိ သည် ။ မီးအုပ်ဆောင်း ပုံသဏ္ဌာန် ရှိ ပြီး ငှက်ဖို နေ သည် ။ ငှက်မ နှင့် တွေ့ ပြီး နောက်ပိုင်း တွင် အသိုက် မှာ ပိုက်လုံး ပုံသဏ္ဌာန် ဖြစ် သွား ပြီး အောက် ဘက် တွင် ဝင်ပေါက် ထား ရှိ သည် ။ ရှည်လျား သော အသိုက် အတွင်း အခန်းပို တစ် ခန်း ပါ ရှိ ပြီး ထို အခန်း သည် ငှက်မ နေထိုင် ရန် နှင့် ဥဥ ရန် နေရာ ဖြစ် သည် ။ ထို့ကြောင့် အသိုက် အတွင်း မှ ဥ များ ထွက် ကျ မည်ကို မ စိုးရိမ် ရ ပါ ။	G2	Primary
( က ) စာဘူးတောင်း သိုက် ကလေး များ 	စာဘူးတောင်းငှက် ကလေး များ ၏ အသိုက် ပြုလုပ် ပုံ သည် အခြား ငှက် ကလေး များ အသိုက် ပြုလုပ် ပုံ နှင့် မ တူ ကြ ပါ ။ စာဘူးတောင်းငှက် ကလေး များ ၏ အသိုက် ပြုလုပ် ပုံ မှာ ထူးခြား ကောင်းမွန် လှ သဖြင့် သူ တို့ ကို စိတ်ကူး ကောင်း သော လက်သမား ငှက် ကလေး များ ဟု ဆို နိုင် ပါ သည် ။	G2	Primary
လေ့ကျင့်ခန်း 	ရုပ်ပုံ ကို ကြည့် ပါ ။ ငှက်မ ရှိ တဲ့ အသိုက် က ဘယ် အသိုက် ဖြစ် မ လဲ ။ ဘာကြောင့် လဲ ။ ၂ ။ စာဘူးတောင်း အသိုက် ရဲ့ စိတ်ဝင်စား စရာ ကောင်း တဲ့ အချက် ကို ပြော ပြ ပါ ။ ၃ ။ စာဘူးတောင်း အသိုက် က ဘာကြောင့် လွယ်လွယ်ကူကူ မ ပျက်စီး တာ လဲ ။ ၄ ။ ဘာကြောင့် ပိုးစုန်းကြူး ကလေး တွေ ကို အသိုက် အတွင်း ကပ် ထား တာ လဲ ။ ၅ ။ ဘာကြောင့် လက်သမား ငှက် ကလေး များ လို့ ခေါ် နိုင် သလဲ ။ စာဘူးတောင်းငှက် ကလေး တွေ အကြောင်း ပြော ကြ ရ အောင်	G2	Primary
( ခ ) ရွှေဥဩ ( ကဗျာ ) 	ရွှေဥဩ စိမ်းစိမ်းညိုညို ဟို ဘက် တော က ရွှေဥဩ လေး တွန်သံသာ ။ နွေဦးပေါက် ရင် တွန်သံ ကြား ရ မြင် ဖူး ကြ လား မောင် တို့ ရာ ။ ကျီး သိုက် ထဲ မှာ သူ့ မေ ထား လို့ ငှက်ဝင်စား လေး သူ့ ခမျာ ။ သနား စရာ အမေ ပျောက် လို့ သူ တစ် ယောက် တည်း ဖော် မ ပါ ။ သာသာယာယာ သူ တွန်ညည်း တော့ တို့ ကျောင်း ကြီး လည်း ပိတ် တော့ မှာ ။ ပိတ် မှာ ပိတ် မှာ ။ မင်းသုဝဏ် ဟန် အမူအရာ နဲ့ ဆို နိုင် ကြ ရဲ့ လား	G2	Primary
(ဂ) ပန်း ချစ် သူ ( ပုံပြင် ) 	ဒုတိယ တန်း ကျောင်းသား လေး မောင်ဖိုးချစ် ဟာ ဘိုးဘိုး ၊ ဘွားဘွား ၊ ဖေဖေ ၊ မေမေ တို့ နဲ့ အတူ ပျော်ပျော်ရွှင်ရွှင် နေ ပါ သတဲ့ ။	G2	Primary
(ဂ) ပန်း ချစ် သူ ( ပုံပြင် ) 	မောင်ဖိုးချစ် ဟာ ကျောင်းစာ သာမက ကာတွန်း စာစောင် တွေ ကို ပါ ဖတ် လေ့ ရှိ တယ် ။ ဘောလုံး ကစား တာ ကို လဲ ဝါသနာ ပါ သတဲ့ ။ ထူးခြား တာ လေး တစ် ခု က မောင်ဖိုးချစ် ဟာ အပင် မှာ ပွင့် နေ တဲ့ ပန်း ကလေး တွေ ကို ကြည့် ပြီး သဘောကျ တတ် သတဲ့ ။	G2	Primary
(ဂ) ပန်း ချစ် သူ ( ပုံပြင် ) 	ကျောင်း က ပြန် လာ တိုင်း ခြံ ထဲ ဆင်း ပြီး သူ့ အမေ စိုက် ထား တဲ့ ပန်းခင်း ကလေး တွေ ကို လျှောက် ကြည့် နေ တတ် သတဲ့ ။	G2	Primary
(ဂ) ပန်း ချစ် သူ ( ပုံပြင် ) 	အဲဒီ လို လျှောက် ကြည့် တဲ့ အခါ တိုင်း မှာ လဲ တုတ် တစ် ချောင်း ကို ကိုင် ထား ပြီး ပန်းပွင့် ကလေး တွေ အပေါ် လာ နား တဲ့ လိပ်ပြာ ကလေး တွေ ၊ ပိတုန်း ကလေး တွေ ၊ ပျား ကလေး တွေ ကို ခြောက်လှန့် ရိုက် ထုတ် တတ် သတဲ့ ။	G2	Primary
(ဂ) ပန်း ချစ် သူ ( ပုံပြင် ) 	"ဒါကို အိမ် ပြတင်းပေါက် က ကြည့် နေ တဲ့ သူ့ ဘိုးဘိုး က "" ဖိုးချစ် ရေ လာ ပါ ဦး ကွာ လိပ်ပြာ ကလေး တွေ ကို တုတ် တစ် ချောင်း နဲ့ ဘာဖြစ်လို့ ရိုက် နေ ရ တာ လဲ "" "" ဒီ အကောင် ကလေး တွေ က သား ရဲ့ ပန်း ကလေး တွေ ကို လာ ဖျက်ဆီး နေ ကြ လို့ ပါ ဘိုးဘိုး "" "" သူ တို့ က မြေး လေး ရဲ့ ပန်း တွေ ကို ဖျက်ဆီး တာ မ ဟုတ် ဘူး ကွ အဲဒီ ပန်း ကလေး တွေ ရဲ့ ပန်းဝတ်ရည် က သူ တို့ ရဲ့ အစာ ပါ "" မောင်ဖိုးချစ် က နည်းနည်း စဉ်းစား လိုက် ပြီး "" သူ တို့ ဝတ်ရည် သောက် လိုက် တော့ ပန်းပွင့် ကလေး တွေ ပျက်စီး ကုန် တယ် လေ ဘိုးဘိုး ရဲ့ "" "" ဒါ က သဘာဝ ပါ ကွယ် လိပ်ပြာ ကလေး တွေ မ သောက် လဲ ပန်း ကလေး တွေ ဟာ ကြာ လာ တော့ ညှိုးနွမ်း ပြီး ကြွေ ရ တာ ပဲ "" "" ဒါ တော့ သိ ပါ တယ် ဘိုးဘိုး ရယ် ဒါပေမဲ့ သား က ပန်း ကလေး တွေ ကို ချစ် တော့ သူ တို့ ပျက်စီး သွား မှာကို မ မြင် ချင် လို့ ပါ "" "" ပန်း ကလေး တွေ မ ပျက်စီး ဘဲ လိပ်ပြာ ကလေး တွေ ပျက်စီး မှာကို ငါ့ မြေး က မြင် ချင် သလား "" မြေးအဘိုး နှစ် ယောက် ပြော နေ တုန်း မှာ ပဲ လိပ်ပြာ ကလေး တွေ ပိတုန်း ကလေး တွေ က ပန်းပွင့် ကလေး တွေ အပေါ် လာ နား ကြ ပြန် သတဲ့ ။ ဒီ မြင်ကွင်း ကို ပြတင်းပေါက် ကနေ ကြည့် ပြီး "" အခု လို ပန်းခင်း ကလေး ထဲ မှာ ရောင်စုံ လိပ်ပြာ ၊ ပိတုန်း ကလေး တွေ နား နေ တဲ့ မြင်ကွင်း နဲ့ စောစော က ငါ့ မြေး တုတ် နဲ့ လိုက် ရိုက် နေ တဲ့ မြင်ကွင်း နှစ် ခု မှာ ဘယ် ဟာ ပို လှ သလဲ "" မောင်ဖိုးချစ် လေး က သေသေချာချာ ကြည့် ရင်း စဉ်းစား ပြီး အခု မြင်ကွင်း က ပို လှ ပါ တယ် ဘိုးဘိုး သား လဲ ပန်းပွင့် ကလေး တွေ နဲ့ အတူ လိပ်ပြာ ကလေး တွေ ကို လဲ ချစ် တတ် ပါ ပြီ ။ "" ဒီ လို နဲ့ ပန်း ချစ် တဲ့ မောင်ဖိုးချစ် လေး ဟာ ပတ်ဝန်းကျင် ကို ပို ပြီး စိတ်ဝင်စား သွား သတဲ့ ။ ဒေါက်တာဌေးလွင်"	G2	Primary
စာလုံးပေါင်း လေ့ကျင့် မယ် ။ 	ပျက်စီး ခြောက်လှန့် ပြတင်းပေါက် ပန်းဝတ်ရည် ညှိုးနွမ်း မြင်ကွင်း ဖျက်ဆီး	G2	Primary
လေ့ကျင့်ခန်း 	၁ ။ ဘိုးဘိုး က ပန်း နဲ့ လိပ်ပြာ ဆက်နွှယ်ပုံ ကို ဘယ်လို ရှင်းပြ သလဲ ။ ၂ ။ မောင်ဖိုးချစ် က ဘယ်လို ပြောင်းလဲ သွား သလဲ ။ ၃ ။ ကိုယ့် ရဲ့ ခံစား ချက် ကို ပြော ကြည့် ကြ ရ အောင် ။ ကလေး တို့ ရော ကိုယ့် ပတ်ဝန်းကျင် ကို ချစ် တတ် ပြီ လား	G2	Primary
ပန်း ကလေး တွေ နဲ့ လိပ်ပြာ ကလေး တွေ အပေါ် မောင်ဖိုးချစ် ရဲ့ သဘောထား ကို ဇယား မှာ ဖြည့် ကြည့် ကြ ရ အောင် 	ဘိုးဘိုး နဲ့ မ ပြော ခင် မောင်ဖိုးချစ် သဘောထား ဘိုးဘိုး နဲ့ ပြော ပြီး မောင်ဖိုးချစ် သဘောထား	G2	Primary
(ဃ) ပျော်ပျော်ရွှင်ရွှင် ရေး ဖို့ ပြင် 	အားလပ်ရက် မှာ ဘာ လုပ် ကြ သလဲ ရက်စွဲ ၂.၁၂.၂၀၁၈ ( တနင်္ဂနွေနေ့ ) မနက် က မေမေ နဲ့ အတူ ဈေး သွား ခဲ့ ပါ တယ် ။ နေ့လယ် မှာကို ကို နဲ့ အတူ အခန်း ရှင်း ကြ ပါ တယ် ။ ည နေ ရောက် တော့ ကာတွန်း ရုပ်ရှင် တွေ ကြည့် ကြ ပါ တယ် ။ အားလပ်ရက် က ပျော်စရာ ကောင်း ပါ တယ် ။ အားလပ်ရက် မှာ ဘာ လုပ် ခဲ့ သလဲ ဆို တာ ကလေး တို့ ကိုယ်တိုင် ရေး ကြည့် ကြ ရ အောင် မနက် နေ့လယ် ညနေ ဘယ်လို ခံစား ရ သလဲ	G2	Primary
(င) မင်္ဂလာ ( ကဗျာ ) 	မင်္ဂလာ ကုသိုလ် ပညာ ဥစ္စာ ရ ဖို့ သင့် ရာ ဒေသ အမြဲ နေ ။ ရှေး က တင်ကြို ပြု ခဲ့ ဖူး သည့် ကောင်းမှု အထူး ရှိ ပါ စေ ။ မိမိ ကိုယ် ကို ကောင်း အောင် ထိန်း လို့ မ တိမ်း စေ နဲ့ ဆောက်တည် လေ ။ ဥစ္စာ ကို ပေး နေထိုင်ရေး မြော်တွေး သုံး ချက် ပေ ။ အဲဒါ မှ ဗုဒ္ဓ ဝါဒ ကမ္ဘာ့ မင်္ဂလာ တွေ ။ ဒဂုန်ဦးထွန်းမြင့်	G2	Primary
ပုံ ပြ အဘိဓာန် 	က ကြက်တူရွေး ခ ခေါင်းပေါင်း ဂ ဂေါ်ဖီ ဃ သံဃာ င ငှက်ပျောသီး စ စပျစ်သီး ဆ ဆွယ်တာ ဇ ဇော်ဂျီ ဈ ဈေး ည ည ဋ ဋီကာကျမ်း ဌ ဌာန ဍ ဎ ဏ မဏ္ဍပ် တ တိုက်အိမ် ထ ထွန်တုံး ဒ ဒေါင်း ဓ ဓာတ်မီး န နာနတ်သီး ပ ပြက္ခဒိန် ဖ ဖန်ခွက် ဗ ဗျိုင်း ဘ ဘောင်းဘီ မ မုန်လာဥ ယ ယပ်တောင် ရ ရွက်လှေ လ လေယာဉ်ပျံ ဝ ဝက်ဝံ သ သရက်သီး ဟ ဟင်္သာငှက် ဠ ဂဠုန် အ အင်္ကျီ	G2	Primary
